,regulator,target,weight,sign
1,G007,G020,0.0147960475,1
2,G008,G002,0.014788281,1
3,G007,G037,0.014774023,1
4,G031,G002,0.014769232,1
5,G038,G011,0.0147678405,1
6,G009,G019,0.014766125,1
7,G004,G020,0.014765314,1
8,G007,G021,0.0147650195,1
9,G004,G037,0.014761306,1
10,G048,G021,0.014761116,1
11,G018,G037,0.014759922,1
12,G002,G049,0.014759264,1
13,G015,G037,0.0147588495,1
14,G012,G020,0.014758499,1
15,G006,G037,0.014756507,1
16,G028,G002,0.01475609,1
17,G045,G025,0.014755753,1
18,G047,G020,0.01475517,1
19,G019,G047,0.014755147,1
20,G003,G015,0.014753607,1
21,G022,G009,0.014753574,1
22,G034,G009,0.014753112,1
23,G013,G028,0.014753002,1
24,G048,G020,0.014752745,1
25,G037,G025,0.014752734,1
26,G022,G021,0.01475267,1
27,G036,G050,0.014752274,1
28,G012,G034,0.0147520285,1
29,G016,G020,0.014751897,1
30,G043,G020,0.014751665,1
31,G026,G039,0.014751228,1
32,G030,G009,0.014750606,1
33,G015,G033,0.014750511,1
34,G020,G006,0.014750198,1
35,G003,G040,0.014749838,1
36,G015,G040,0.014749522,1
37,G038,G002,0.014749496,1
38,G019,G010,0.014748853,1
39,G029,G036,0.014748709,1
40,G007,G029,0.014748618,1
41,G049,G020,0.014748417,1
42,G026,G040,0.01474827,1
43,G040,G002,0.014747915,1
44,G033,G002,0.014747872,1
45,G028,G021,0.014747697,1
46,G003,G011,0.014747428,1
47,G026,G027,0.014747256,1
48,G003,G021,0.014746969,1
49,G024,G002,0.014746313,1
50,G018,G033,0.014746047,1
51,G001,G041,0.014745977,1
52,G043,G037,0.01474593,1
53,G013,G005,0.0147459265,1
54,G047,G040,0.014745847,1
55,G021,G009,0.0147457775,1
56,G009,G050,0.014745752,1
57,G007,G011,0.014745662,1
58,G017,G019,0.014745065,1
59,G033,G021,0.014744545,1
60,G040,G027,0.014744465,1
61,G032,G025,0.014744383,1
62,G027,G001,0.01474424,1
63,G048,G029,0.014744089,1
64,G012,G015,0.014743884,1
65,G050,G031,0.014743801,1
66,G009,G017,0.014743615,1
67,G015,G009,0.014743315,1
68,G010,G038,0.014743259,1
69,G010,G041,0.014743188,1
70,G025,G036,0.014743186,1
71,G006,G031,0.014743177,1
72,G005,G034,0.014742958,1
73,G032,G020,0.0147428475,1
74,G001,G040,0.014742447,1
75,G034,G025,0.014742262,1
76,G015,G005,0.014742213,1
77,G029,G035,0.014742198,1
78,G034,G021,0.0147416815,1
79,G013,G045,0.014741668,1
80,G016,G009,0.014741646,1
81,G050,G013,0.014741248,1
82,G015,G018,0.0147408275,1
83,G020,G016,0.0147407,1
84,G019,G012,0.014740636,1
85,G019,G017,0.014740579,1
86,G015,G049,0.014739828,1
87,G040,G037,0.01473982,1
88,G018,G050,0.01473913,1
89,G027,G016,0.014738969,1
90,G004,G013,0.014738816,1
91,G036,G034,0.0147387795,1
92,G025,G034,0.014738687,1
93,G001,G010,0.014738512,1
94,G001,G025,0.0147383455,1
95,G037,G017,0.01473831,1
96,G037,G009,0.014738307,1
97,G021,G049,0.014738051,1
98,G012,G035,0.014738006,1
99,G013,G002,0.014737929,1
100,G020,G043,0.014737822,1
101,G022,G025,0.01473776,1
102,G023,G033,0.014737487,1
103,G046,G021,0.014737374,1
104,G005,G020,0.014737308,1
105,G007,G018,0.014737135,1
106,G031,G009,0.0147370435,1
107,G027,G026,0.0147370305,1
108,G035,G009,0.01473701,1
109,G011,G005,0.014736961,1
110,G024,G041,0.014736747,1
111,G047,G034,0.014736736,1
112,G020,G012,0.014736701,1
113,G012,G041,0.014736656,1
114,G042,G044,0.0147365285,1
115,G021,G033,0.014736503,1
116,G003,G024,0.014736353,1
117,G018,G031,0.014736332,1
118,G028,G033,0.014736331,1
119,G027,G010,0.014736236,1
120,G015,G019,0.014736107,1
121,G034,G028,0.014736098,1
122,G033,G023,0.014736003,1
123,G006,G026,0.014735831,1
124,G011,G039,0.014735722,1
125,G012,G021,0.014735709,1
126,G015,G045,0.0147357015,1
127,G046,G025,0.014735687,1
128,G030,G020,0.014735518,1
129,G015,G007,0.014735509,1
130,G020,G018,0.014735499,1
131,G004,G036,0.014735472,1
132,G001,G027,0.014735401,1
133,G031,G047,0.014734646,1
134,G013,G012,0.014734437,1
135,G032,G018,0.014734288,1
136,G018,G009,0.014734279,1
137,G036,G035,0.014734226,1
138,G014,G011,0.014734207,1
139,G038,G044,0.014734196,1
140,G020,G039,0.014733926,1
141,G041,G020,0.014733821,1
142,G041,G033,0.014733702,1
143,G050,G015,0.0147336805,1
144,G033,G026,0.014733639,1
145,G031,G044,0.014733584,1
146,G020,G033,0.014733449,1
147,G026,G044,0.014733205,1
148,G029,G010,0.014733133,1
149,G025,G014,0.014732612,1
150,G035,G008,0.014732521,1
151,G030,G034,0.014732494,1
152,G038,G035,0.014732483,1
153,G049,G033,0.01473237,1
154,G033,G025,0.014732252,1
155,G010,G029,0.014732116,1
156,G046,G027,0.014732109,1
157,G025,G018,0.014732096,1
158,G035,G001,0.0147320805,1
159,G002,G043,0.014732006,1
160,G010,G006,0.014731961,1
161,G048,G046,0.014731935,1
162,G006,G047,0.014731842,1
163,G016,G031,0.014731799,1
164,G011,G023,0.014731765,1
165,G048,G042,0.014731732,1
166,G011,G037,0.014731667,1
167,G039,G036,0.014731397,1
168,G034,G044,0.014731366,1
169,G028,G036,0.014731364,1
170,G015,G039,0.014731361,1
171,G016,G021,0.01473108,1
172,G015,G004,0.01473108,1
173,G028,G039,0.014730841,1
174,G004,G014,0.014730764,1
175,G029,G040,0.014730656,1
176,G025,G037,0.014730596,1
177,G048,G003,0.014730547,1
178,G047,G016,0.014730177,1
179,G042,G025,0.01472999,1
180,G008,G029,0.014729969,1
181,G031,G006,0.0147299515,1
182,G012,G003,0.014729864,1
183,G005,G002,0.014729811,1
184,G019,G025,0.014729558,1
185,G025,G017,0.014729439,1
186,G037,G014,0.014729423,1
187,G006,G030,0.014729412,1
188,G020,G050,0.0147294,1
189,G047,G018,0.014729373,1
190,G036,G003,0.014729291,1
191,G010,G032,0.014729191,1
192,G002,G026,0.014729122,1
193,G042,G023,0.014728953,1
194,G010,G045,0.014728931,1
195,G037,G044,0.014728817,1
196,G029,G008,0.014728805,1
197,G001,G023,0.014728636,1
198,G013,G015,0.014728582,1
199,G001,G016,0.014728561,1
200,G019,G045,0.014728494,1
201,G029,G020,0.014728489,1
202,G012,G016,0.014728302,1
203,G015,G022,0.014728182,1
204,G045,G021,0.014728115,1
205,G038,G014,0.0147281,1
206,G026,G013,0.014728094,1
207,G030,G042,0.014727961,1
208,G027,G007,0.014727929,1
209,G009,G045,0.014727839,1
210,G010,G009,0.0147277815,1
211,G002,G032,0.01472776,1
212,G028,G045,0.014727739,1
213,G038,G020,0.014727705,1
214,G019,G037,0.014727647,1
215,G015,G008,0.0147274295,1
216,G036,G006,0.014727392,1
217,G036,G013,0.014727287,1
218,G031,G045,0.014727171,1
219,G032,G038,0.014727158,1
220,G029,G009,0.014727157,1
221,G002,G035,0.014727107,1
222,G034,G002,0.014726993,1
223,G033,G027,0.014726855,1
224,G044,G011,0.014726815,1
225,G039,G008,0.014726587,1
226,G018,G006,0.0147265,1
227,G044,G002,0.014726377,1
228,G015,G048,0.014726249,1
229,G016,G026,0.014726177,1
230,G003,G035,0.014726155,1
231,G011,G046,0.014725967,1
232,G041,G038,0.014725699,1
233,G040,G047,0.014725682,1
234,G001,G036,0.014725638,1
235,G016,G029,0.014725592,1
236,G031,G027,0.014725563,1
237,G011,G030,0.01472554,1
238,G001,G049,0.014725534,1
239,G041,G028,0.014725484,1
240,G029,G026,0.014725352,1
241,G023,G044,0.014725327,1
242,G001,G045,0.014725082,1
243,G023,G019,0.014725017,1
244,G003,G005,0.014725013,1
245,G030,G029,0.01472498,1
246,G041,G004,0.01472476,1
247,G029,G044,0.014724751,1
248,G024,G047,0.014724728,1
249,G015,G026,0.014724726,1
250,G040,G033,0.014724645,1
251,G027,G014,0.014724639,1
252,G045,G035,0.014724627,1
253,G033,G039,0.014724501,1
254,G046,G003,0.014724424,1
255,G049,G024,0.014724172,1
256,G022,G038,0.014724132,1
257,G033,G010,0.014723853,1
258,G044,G013,0.014723703,1
259,G035,G012,0.014723619,1
260,G014,G021,0.014723584,1
261,G016,G028,0.0147235375,1
262,G023,G050,0.0147235,1
263,G050,G022,0.0147233885,1
264,G044,G018,0.014723372,1
265,G019,G043,0.014723161,1
266,G001,G019,0.014723082,1
267,G022,G036,0.014723029,1
268,G019,G042,0.014722899,1
269,G003,G037,0.014722713,1
270,G035,G028,0.014722635,1
271,G018,G041,0.0147223305,1
272,G030,G024,0.014722281,1
273,G013,G049,0.0147220595,1
274,G006,G045,0.014722026,1
275,G024,G037,0.014722025,1
276,G006,G005,0.014721976,1
277,G027,G041,0.014721907,1
278,G020,G001,0.014721861,1
279,G005,G037,0.014721702,1
280,G023,G016,0.014721554,1
281,G031,G030,0.014721522,1
282,G036,G001,0.014721495,1
283,G010,G031,0.014721493,1
284,G044,G042,0.014721485,1
285,G004,G022,0.014721433,1
286,G013,G034,0.014721332,1
287,G026,G010,0.014721171,1
288,G011,G028,0.014721142,1
289,G011,G042,0.014721122,1
290,G028,G018,0.014721022,1
291,G011,G047,0.0147210155,1
292,G043,G049,0.014720994,1
293,G036,G042,0.014720987,1
294,G029,G003,0.014720908,1
295,G005,G016,0.0147207165,1
296,G006,G018,0.014720621,1
297,G013,G040,0.014720569,1
298,G046,G009,0.014720541,1
299,G002,G006,0.014720529,1
300,G026,G023,0.014720417,1
301,G027,G039,0.014720243,1
302,G048,G044,0.01472022,1
303,G002,G031,0.014720218,1
304,G045,G041,0.014720146,1
305,G014,G025,0.014719951,1
306,G041,G026,0.014719808,1
307,G049,G041,0.014719727,1
308,G035,G047,0.0147196995,1
309,G034,G013,0.014719634,1
310,G025,G049,0.014719452,1
311,G007,G031,0.014719403,1
312,G028,G013,0.01471938,1
313,G018,G030,0.014719283,1
314,G022,G013,0.014719173,1
315,G020,G019,0.014719115,1
316,G009,G023,0.014719089,1
317,G024,G011,0.014719066,1
318,G043,G002,0.014719055,1
319,G017,G031,0.014719037,1
320,G001,G029,0.014718988,1
321,G004,G047,0.014718805,1
322,G012,G032,0.014718745,1
323,G014,G020,0.0147184925,1
324,G014,G015,0.014718472,1
325,G047,G013,0.014718447,1
326,G022,G043,0.014718425,1
327,G027,G043,0.014718394,1
328,G008,G030,0.014718377,1
329,G011,G044,0.014718347,1
330,G036,G043,0.014718321,1
331,G023,G047,0.014717938,1
332,G048,G017,0.014717845,1
333,G019,G049,0.014717673,1
334,G037,G008,0.014717497,1
335,G043,G023,0.014717181,1
336,G041,G005,0.014717171,1
337,G038,G048,0.014717127,1
338,G005,G015,0.0147170685,1
339,G024,G028,0.014716753,1
340,G040,G001,0.0147165265,1
341,G011,G050,0.014716433,1
342,G010,G044,0.014716302,1
343,G025,G042,0.014716264,1
344,G005,G038,0.014716251,1
345,G041,G032,0.01471611,1
346,G020,G003,0.0147161065,1
347,G015,G035,0.014716034,1
348,G011,G015,0.014715932,1
349,G025,G023,0.014715894,1
350,G003,G002,0.014715879,1
351,G015,G028,0.014715877,1
352,G015,G043,0.014715655,1
353,G044,G022,0.014715027,1
354,G035,G019,0.014715025,1
355,G029,G042,0.014715009,1
356,G032,G046,0.014714999,1
357,G008,G036,0.014714936,1
358,G042,G036,0.014714935,1
359,G043,G041,0.014714862,1
360,G016,G046,0.014714669,1
361,G026,G020,0.0147146415,1
362,G036,G019,0.014714608,1
363,G044,G023,0.014714539,1
364,G050,G005,0.014714537,1
365,G021,G047,0.014714527,1
366,G049,G016,0.014714202,1
367,G009,G029,0.014714138,1
368,G004,G030,0.014713971,1
369,G004,G007,0.014713853,1
370,G022,G024,0.014713818,1
371,G007,G040,0.014713816,1
372,G025,G048,0.014713668,1
373,G028,G014,0.014713648,1
374,G012,G048,0.014713602,1
375,G038,G018,0.0147132445,1
376,G043,G003,0.0147132315,1
377,G011,G020,0.014713122,1
378,G050,G034,0.014712811,1
379,G029,G039,0.014712806,1
380,G010,G036,0.014712664,1
381,G031,G034,0.014712661,1
382,G035,G025,0.014712626,1
383,G030,G049,0.014712613,1
384,G014,G049,0.01471261,1
385,G045,G031,0.014712557,1
386,G008,G043,0.014712493,1
387,G004,G018,0.014712336,1
388,G049,G010,0.014712322,1
389,G029,G018,0.0147121865,1
390,G042,G027,0.014712185,1
391,G031,G021,0.014712151,1
392,G032,G042,0.014712119,1
393,G007,G047,0.0147120645,1
394,G034,G047,0.014711941,1
395,G031,G038,0.014711842,1
396,G022,G042,0.014711805,1
397,G004,G034,0.014711714,1
398,G033,G012,0.014711691,1
399,G014,G013,0.014711664,1
400,G025,G044,0.014711597,1
401,G024,G023,0.014711541,1
402,G014,G050,0.014711435,1
403,G039,G020,0.014711406,1
404,G029,G028,0.014711402,1
405,G010,G050,0.014711362,1
406,G003,G043,0.014711302,1
407,G049,G044,0.014711274,1
408,G026,G038,0.014711246,1
409,G006,G034,0.014711114,1
410,G033,G046,0.014711026,1
411,G022,G033,0.014710935,1
412,G033,G006,0.014710853,1
413,G050,G018,0.014710755,1
414,G027,G048,0.014710673,1
415,G016,G044,0.014710646,1
416,G010,G003,0.014710592,1
417,G011,G018,0.014710576,1
418,G016,G004,0.014710461,1
419,G048,G035,0.014710435,1
420,G009,G010,0.014710418,1
421,G016,G040,0.014710372,1
422,G034,G048,0.0147102885,1
423,G002,G008,0.014710209,1
424,G034,G007,0.014710161,1
425,G017,G016,0.01471005,1
426,G009,G013,0.014709971,1
427,G024,G026,0.014709766,1
428,G008,G045,0.014709754,1
429,G046,G039,0.0147096785,1
430,G033,G024,0.014709665,1
431,G026,G025,0.014709646,1
432,G023,G030,0.0147096,1
433,G004,G019,0.014709531,1
434,G033,G022,0.014709294,1
435,G041,G029,0.014709248,1
436,G031,G012,0.014709184,1
437,G011,G019,0.014709156,1
438,G006,G002,0.014708975,1
439,G030,G027,0.014708902,1
440,G043,G017,0.014708886,1
441,G031,G033,0.014708652,1
442,G021,G019,0.01470861,1
443,G045,G024,0.0147086065,1
444,G007,G004,0.014708602,1
445,G036,G008,0.014708589,1
446,G035,G011,0.014708571,1
447,G028,G003,0.014708452,1
448,G038,G034,0.0147084305,1
449,G046,G033,0.014708316,1
450,G040,G007,0.014708274,1
451,G009,G035,0.014708268,1
452,G046,G050,0.014708189,1
453,G046,G019,0.014708183,1
454,G002,G007,0.014708137,1
455,G038,G004,0.014708124,1
456,G017,G004,0.014708119,1
457,G048,G001,0.014708052,1
458,G044,G021,0.014708034,1
459,G009,G040,0.014708029,1
460,G033,G044,0.014708007,1
461,G050,G008,0.014707962,1
462,G047,G001,0.014707689,1
463,G044,G035,0.014707662,1
464,G022,G044,0.0147073325,1
465,G006,G008,0.0147073,1
466,G031,G037,0.014707236,1
467,G013,G007,0.01470716,1
468,G029,G017,0.014707032,1
469,G048,G012,0.014707004,1
470,G047,G030,0.014706924,1
471,G030,G003,0.014706869,1
472,G026,G031,0.014706722,1
473,G013,G042,0.014706717,1
474,G048,G028,0.014706706,1
475,G044,G049,0.014706706,1
476,G023,G034,0.014706651,1
477,G034,G016,0.014706631,1
478,G045,G017,0.014706588,1
479,G030,G050,0.014706586,1
480,G024,G008,0.014706467,1
481,G019,G011,0.014706372,1
482,G044,G007,0.014706325,1
483,G007,G022,0.014706155,1
484,G024,G025,0.014706133,1
485,G034,G024,0.014706079,1
486,G004,G027,0.014705903,1
487,G014,G043,0.014705797,1
488,G012,G001,0.014705779,1
489,G002,G050,0.014705752,1
490,G047,G011,0.014705702,1
491,G045,G019,0.01470568,1
492,G025,G026,0.014705675,1
493,G010,G004,0.014705582,1
494,G042,G045,0.014705458,1
495,G026,G042,0.014705341,1
496,G033,G011,0.014705114,1
497,G009,G001,0.014705089,1
498,G005,G009,0.014705084,1
499,G029,G030,0.0147049455,1
500,G019,G014,0.014704861,1
501,G019,G032,0.014704761,1
502,G027,G034,0.014704564,1
503,G038,G028,0.014704532,1
504,G016,G049,0.014704446,1
505,G013,G022,0.014704405,1
506,G048,G039,0.014704367,1
507,G038,G029,0.014704158,1
508,G037,G003,0.014704111,1
509,G008,G015,0.014703967,1
510,G013,G038,0.014703944,1
511,G011,G002,0.01470376,1
512,G018,G004,0.01470356,1
513,G044,G019,0.014703455,1
514,G043,G048,0.014703393,1
515,G008,G032,0.014703174,1
516,G010,G012,0.014702903,1
517,G048,G005,0.01470284,1
518,G007,G050,0.014702815,1
519,G045,G028,0.014702808,1
520,G017,G043,0.014702713,1
521,G048,G016,0.014702602,1
522,G006,G032,0.014702584,1
523,G003,G007,0.01470236,1
524,G028,G012,0.014702316,1
525,G046,G001,0.01470223,1
526,G010,G040,0.014702153,1
527,G024,G046,0.014702092,1
528,G036,G026,0.014702044,1
529,G014,G007,0.014702017,1
530,G013,G041,0.014701835,1
531,G004,G044,0.014701733,1
532,G005,G049,0.014701708,1
533,G044,G046,0.014701689,1
534,G037,G027,0.014701679,1
535,G012,G049,0.014701622,1
536,G024,G007,0.014701583,1
537,G001,G006,0.01470147,1
538,G040,G042,0.014701406,1
539,G035,G037,0.014701273,1
540,G020,G028,0.014701149,1
541,G044,G006,0.01470114,1
542,G006,G007,0.014701114,1
543,G040,G030,0.014701052,1
544,G041,G031,0.014700949,1
545,G043,G042,0.014700864,1
546,G019,G016,0.014700768,1
547,G043,G044,0.014700577,1
548,G047,G049,0.014700514,1
549,G002,G014,0.014700482,1
550,G031,G007,0.014700344,1
551,G030,G043,0.014700303,1
552,G031,G018,0.014700277,1
553,G044,G008,0.014700218,1
554,G024,G043,0.014700199,1
555,G014,G047,0.014700119,1
556,G001,G022,0.014700038,1
557,G010,G039,0.014699929,1
558,G002,G036,0.014699838,1
559,G001,G011,0.0146997925,1
560,G049,G021,0.01469978,1
561,G025,G008,0.014699736,1
562,G041,G021,0.014699665,1
563,G032,G011,0.014699635,1
564,G003,G027,0.014699589,1
565,G046,G012,0.014699542,1
566,G022,G027,0.014699465,1
567,G028,G049,0.014699253,1
568,G043,G035,0.0146990735,1
569,G001,G014,0.014698942,1
570,G042,G031,0.014698806,1
571,G031,G014,0.014698796,1
572,G033,G045,0.014698634,1
573,G020,G032,0.01469856,1
574,G046,G022,0.014698495,1
575,G046,G038,0.0146984365,1
576,G005,G028,0.014698159,1
577,G032,G039,0.014698091,1
578,G036,G047,0.014698002,1
579,G007,G045,0.014697846,1
580,G003,G008,0.0146978395,1
581,G028,G042,0.014697766,1
582,G013,G046,0.0146977315,1
583,G004,G049,0.014697653,1
584,G028,G027,0.014697652,1
585,G033,G038,0.014697648,1
586,G042,G038,0.014697417,1
587,G030,G048,0.014697159,1
588,G038,G050,0.014697113,1
589,G037,G002,0.0146970255,1
590,G025,G011,0.014696984,1
591,G008,G035,0.014696973,1
592,G019,G029,0.01469687,1
593,G032,G022,0.01469679,1
594,G014,G027,0.014696674,1
595,G022,G032,0.014696482,1
596,G021,G005,0.014696449,1
597,G002,G021,0.014696446,1
598,G049,G038,0.014696345,1
599,G034,G029,0.014696323,1
600,G044,G009,0.014696248,1
601,G018,G045,0.014696236,1
602,G024,G036,0.014696171,1
603,G010,G020,0.0146961035,1
604,G011,G025,0.01469609,1
605,G043,G027,0.014696011,1
606,G033,G049,0.0146960085,1
607,G043,G009,0.014695988,1
608,G020,G009,0.014695977,1
609,G004,G017,0.014695915,1
610,G016,G023,0.014695889,1
611,G039,G007,0.014695863,1
612,G009,G037,0.014695765,1
613,G042,G026,0.014695562,1
614,G019,G004,0.014695535,1
615,G032,G030,0.014695395,1
616,G035,G050,0.014695246,1
617,G022,G034,0.014695189,1
618,G002,G005,0.0146949515,1
619,G029,G006,0.014694838,1
620,G038,G026,0.014694831,1
621,G006,G009,0.014694691,1
622,G038,G049,0.014694691,1
623,G019,G031,0.014694662,1
624,G018,G011,0.014694644,1
625,G020,G038,0.014694601,1
626,G032,G029,0.014694582,1
627,G017,G009,0.014694568,1
628,G050,G049,0.014694544,1
629,G039,G009,0.0146945035,1
630,G013,G008,0.014694301,1
631,G007,G012,0.014694188,1
632,G009,G027,0.014694165,1
633,G037,G019,0.014694106,1
634,G028,G005,0.014694098,1
635,G034,G046,0.014694096,1
636,G007,G049,0.014693983,1
637,G039,G024,0.014693954,1
638,G038,G047,0.014693819,1
639,G009,G011,0.014693768,1
640,G045,G038,0.014693762,1
641,G016,G042,0.014693619,1
642,G025,G010,0.014693613,1
643,G040,G013,0.01469355,1
644,G029,G014,0.014693309,1
645,G038,G007,0.014693199,1
646,G006,G025,0.0146930795,1
647,G031,G050,0.014693076,1
648,G047,G044,0.014692876,1
649,G046,G002,0.014692783,1
650,G017,G037,0.014692701,1
651,G008,G010,0.014692644,1
652,G021,G001,0.014692574,1
653,G043,G032,0.014692487,1
654,G012,G026,0.014692421,1
655,G041,G046,0.014692324,1
656,G018,G005,0.014691964,1
657,G002,G025,0.014691876,1
658,G014,G005,0.014691575,1
659,G020,G010,0.014691545,1
660,G009,G015,0.01469151,1
661,G050,G017,0.014691497,1
662,G029,G023,0.014691466,1
663,G049,G017,0.014691275,1
664,G017,G050,0.014691219,1
665,G046,G040,0.014691062,1
666,G045,G022,0.014690955,1
667,G020,G044,0.014690909,1
668,G045,G015,0.01469081,1
669,G009,G016,0.014690788,1
670,G018,G044,0.014690597,1
671,G042,G032,0.01469055,1
672,G030,G004,0.014690546,1
673,G031,G017,0.014690515,1
674,G026,G016,0.014690493,1
675,G014,G048,0.014690438,1
676,G034,G033,0.014690422,1
677,G021,G007,0.014690391,1
678,G015,G002,0.0146903815,1
679,G003,G039,0.014690252,1
680,G031,G004,0.014690185,1
681,G023,G037,0.01469017,1
682,G005,G036,0.01469003,1
683,G046,G034,0.014689922,1
684,G008,G007,0.014689908,1
685,G002,G048,0.014689662,1
686,G030,G039,0.014689624,1
687,G040,G028,0.014689605,1
688,G006,G019,0.014689579,1
689,G005,G012,0.014689502,1
690,G008,G031,0.0146894315,1
691,G026,G009,0.014689368,1
692,G045,G039,0.014689332,1
693,G010,G002,0.014689203,1
694,G042,G024,0.014689019,1
695,G049,G019,0.014688868,1
696,G050,G027,0.014688829,1
697,G011,G049,0.014688795,1
698,G027,G025,0.014688764,1
699,G008,G024,0.014688468,1
700,G017,G039,0.014688055,1
701,G015,G034,0.014687865,1
702,G013,G021,0.0146877635,1
703,G005,G013,0.014687747,1
704,G002,G040,0.014687704,1
705,G036,G049,0.014687655,1
706,G029,G001,0.014687401,1
707,G023,G024,0.0146873575,1
708,G020,G013,0.014687336,1
709,G017,G002,0.0146873,1
710,G031,G040,0.014687263,1
711,G030,G011,0.014687178,1
712,G010,G026,0.014687099,1
713,G009,G005,0.014686886,1
714,G010,G021,0.014686767,1
715,G025,G041,0.014686681,1
716,G006,G033,0.014686679,1
717,G013,G026,0.01468664,1
718,G029,G048,0.014686639,1
719,G007,G028,0.014686558,1
720,G047,G004,0.01468632,1
721,G021,G024,0.0146862585,1
722,G018,G015,0.014686168,1
723,G035,G034,0.014686137,1
724,G002,G012,0.014686059,1
725,G014,G046,0.014686034,1
726,G013,G003,0.014685973,1
727,G024,G050,0.014685911,1
728,G039,G011,0.014685884,1
729,G029,G043,0.014685773,1
730,G007,G041,0.014685657,1
731,G038,G003,0.014685644,1
732,G038,G016,0.014685487,1
733,G005,G041,0.014685428,1
734,G002,G041,0.014685272,1
735,G023,G043,0.014685124,1
736,G016,G027,0.01468498,1
737,G030,G036,0.014684897,1
738,G027,G033,0.014684621,1
739,G037,G040,0.014684596,1
740,G006,G035,0.014684517,1
741,G008,G037,0.0146844825,1
742,G014,G004,0.014684321,1
743,G019,G035,0.014684188,1
744,G008,G011,0.014684181,1
745,G001,G005,0.014684095,1
746,G006,G024,0.014683825,1
747,G031,G042,0.01468376,1
748,G024,G009,0.014683612,1
749,G026,G030,0.01468354,1
750,G036,G014,0.014683447,1
751,G010,G013,0.014683393,1
752,G025,G031,0.014683321,1
753,G013,G043,0.014683289,1
754,G017,G013,0.014683227,1
755,G008,G048,0.014683143,1
756,G047,G014,0.014683081,1
757,G047,G010,0.014683052,1
758,G044,G020,0.014682996,1
759,G022,G003,0.014682937,1
760,G016,G041,0.0146828545,1
761,G035,G027,0.014682853,1
762,G033,G032,0.014682759,1
763,G008,G050,0.014682614,1
764,G026,G022,0.014682464,1
765,G016,G034,0.014682327,1
766,G004,G048,0.014682306,1
767,G048,G037,0.014682274,1
768,G048,G025,0.014682185,1
769,G041,G007,0.014682081,1
770,G037,G048,0.014681858,1
771,G026,G018,0.014681737,1
772,G004,G009,0.0146817025,1
773,G001,G050,0.014681268,1
774,G047,G003,0.014681227,1
775,G039,G018,0.01468118,1
776,G025,G001,0.014681075,1
777,G018,G043,0.014680942,1
778,G013,G019,0.014680934,1
779,G003,G031,0.014680846,1
780,G032,G037,0.014680717,1
781,G015,G006,0.014680604,1
782,G020,G037,0.014680454,1
783,G015,G013,0.014680386,1
784,G014,G036,0.01468034,1
785,G045,G003,0.0146802,1
786,G050,G040,0.014680144,1
787,G002,G027,0.01467998,1
788,G019,G001,0.014679948,1
789,G026,G041,0.0146798575,1
790,G032,G009,0.014679732,1
791,G034,G018,0.014679732,1
792,G007,G039,0.014679727,1
793,G003,G009,0.014679726,1
794,G023,G045,0.014679663,1
795,G045,G034,0.014679598,1
796,G046,G028,0.014679445,1
797,G047,G027,0.01467944,1
798,G033,G009,0.014679361,1
799,G022,G041,0.014679354,1
800,G012,G044,0.014679277,1
801,G036,G045,0.014679203,1
802,G031,G019,0.014678985,1
803,G027,G035,0.014678979,1
804,G032,G023,0.014678825,1
805,G021,G003,0.014678772,1
806,G027,G047,0.014678666,1
807,G039,G003,0.01467855,1
808,G050,G002,0.014678063,1
809,G033,G016,0.014677959,1
810,G009,G008,0.014677892,1
811,G038,G021,0.014677881,1
812,G050,G010,0.014677844,1
813,G009,G024,0.014677773,1
814,G038,G015,0.014677653,1
815,G003,G019,0.014677635,1
816,G049,G003,0.014677545,1
817,G036,G004,0.014677525,1
818,G045,G036,0.014677517,1
819,G018,G003,0.014677412,1
820,G040,G006,0.014677356,1
821,G029,G032,0.0146773085,1
822,G007,G030,0.0146771865,1
823,G049,G027,0.014677086,1
824,G050,G025,0.014676955,1
825,G035,G041,0.014676776,1
826,G048,G032,0.014676775,1
827,G028,G019,0.014676772,1
828,G017,G034,0.014676749,1
829,G037,G021,0.014676723,1
830,G037,G036,0.014676695,1
831,G002,G042,0.014676646,1
832,G035,G022,0.014676347,1
833,G025,G021,0.014676341,1
834,G050,G003,0.014676149,1
835,G028,G017,0.014676098,1
836,G041,G036,0.014675806,1
837,G008,G006,0.014675553,1
838,G049,G037,0.014675277,1
839,G028,G008,0.0146750705,1
840,G031,G020,0.014675069,1
841,G036,G048,0.014675027,1
842,G027,G021,0.014674919,1
843,G043,G016,0.0146748945,1
844,G027,G028,0.014674883,1
845,G022,G026,0.014674859,1
846,G040,G048,0.014674421,1
847,G045,G050,0.014674373,1
848,G006,G038,0.014674236,1
849,G046,G029,0.014674205,1
850,G015,G023,0.014674053,1
851,G010,G043,0.01467401,1
852,G035,G002,0.014673794,1
853,G026,G021,0.014673629,1
854,G027,G017,0.014673608,1
855,G026,G029,0.014673535,1
856,G026,G047,0.014673506,1
857,G044,G050,0.014673497,1
858,G017,G012,0.014673495,1
859,G029,G031,0.014673462,1
860,G039,G035,0.014673264,1
861,G044,G001,0.014673257,1
862,G027,G008,0.0146732135,1
863,G027,G004,0.0146732,1
864,G007,G015,0.01467314,1
865,G044,G027,0.01467299,1
866,G029,G015,0.0146729825,1
867,G003,G030,0.014672968,1
868,G032,G048,0.014672951,1
869,G036,G031,0.014672943,1
870,G035,G048,0.014672904,1
871,G023,G013,0.014672899,1
872,G011,G027,0.014672886,1
873,G014,G018,0.014672877,1
874,G047,G045,0.014672754,1
875,G006,G027,0.0146726025,1
876,G020,G002,0.014672387,1
877,G026,G032,0.014672193,1
878,G027,G013,0.014672147,1
879,G014,G033,0.014672011,1
880,G046,G020,0.014671959,1
881,G050,G024,0.01467185,1
882,G050,G047,0.0146717755,1
883,G003,G004,0.014671735,1
884,G007,G033,0.014671657,1
885,G023,G002,0.0146716535,1
886,G031,G048,0.014671552,1
887,G042,G012,0.014671375,1
888,G037,G035,0.014671284,1
889,G024,G016,0.014671195,1
890,G007,G001,0.0146711795,1
891,G028,G001,0.014671117,1
892,G008,G034,0.014671099,1
893,G026,G037,0.014671096,1
894,G008,G021,0.014670925,1
895,G029,G025,0.014670864,1
896,G024,G020,0.014670743,1
897,G017,G003,0.014670725,1
898,G016,G024,0.0146706,1
899,G009,G003,0.01467053,1
900,G050,G006,0.014670366,1
901,G012,G024,0.0146703515,1
902,G018,G024,0.01467035,1
903,G042,G002,0.014670264,1
904,G041,G013,0.014670204,1
905,G038,G046,0.01467018,1
906,G048,G045,0.014670078,1
907,G012,G027,0.014669991,1
908,G004,G041,0.014669917,1
909,G007,G042,0.014669906,1
910,G043,G021,0.014669813,1
911,G014,G022,0.0146695115,1
912,G008,G039,0.0146694435,1
913,G034,G008,0.014669382,1
914,G013,G009,0.014669231,1
915,G017,G020,0.014669226,1
916,G017,G030,0.014669168,1
917,G050,G048,0.014669127,1
918,G016,G025,0.014669038,1
919,G045,G030,0.014669018,1
920,G030,G022,0.014668822,1
921,G018,G010,0.014668805,1
922,G006,G010,0.014668429,1
923,G023,G020,0.014668355,1
924,G032,G050,0.014668323,1
925,G048,G024,0.014668313,1
926,G029,G012,0.014668303,1
927,G018,G008,0.014668207,1
928,G018,G022,0.014668193,1
929,G040,G031,0.014668147,1
930,G022,G005,0.014668052,1
931,G027,G003,0.014668043,1
932,G035,G029,0.014667916,1
933,G048,G014,0.014667789,1
934,G003,G045,0.014667474,1
935,G015,G046,0.0146674495,1
936,G018,G032,0.014667407,1
937,G037,G038,0.0146673415,1
938,G050,G035,0.014667328,1
939,G040,G045,0.014667171,1
940,G030,G040,0.014667102,1
941,G032,G047,0.014667075,1
942,G017,G008,0.014667018,1
943,G023,G031,0.014667016,1
944,G012,G029,0.014667005,1
945,G023,G039,0.0146667715,1
946,G043,G050,0.0146667175,1
947,G027,G050,0.014666716,1
948,G038,G041,0.014666673,1
949,G020,G040,0.014666573,1
950,G042,G007,0.0146663105,1
951,G022,G031,0.014666289,1
952,G039,G037,0.014666257,1
953,G048,G011,0.014666207,1
954,G041,G048,0.014666159,1
955,G025,G020,0.014666004,1
956,G050,G011,0.014665944,1
957,G007,G027,0.014665938,1
958,G009,G039,0.014665864,1
959,G032,G010,0.014665782,1
960,G045,G026,0.014665764,1
961,G045,G046,0.014665567,1
962,G019,G027,0.014665554,1
963,G039,G025,0.014665337,1
964,G021,G043,0.014665271,1
965,G041,G040,0.014665102,1
966,G001,G044,0.0146650905,1
967,G014,G042,0.014665085,1
968,G020,G011,0.014665009,1
969,G022,G020,0.014664983,1
970,G008,G020,0.0146649135,1
971,G019,G041,0.014664815,1
972,G012,G037,0.014664719,1
973,G033,G047,0.0146646965,1
974,G037,G004,0.014664692,1
975,G028,G004,0.014664518,1
976,G021,G017,0.014664458,1
977,G004,G011,0.014664451,1
978,G028,G031,0.014664351,1
979,G034,G019,0.014664144,1
980,G040,G036,0.014664127,1
981,G033,G037,0.014663906,1
982,G039,G040,0.014663827,1
983,G044,G038,0.014663821,1
984,G019,G013,0.014663786,1
985,G042,G030,0.014663773,1
986,G018,G046,0.014663598,1
987,G029,G049,0.014663589,1
988,G049,G013,0.014663568,1
989,G003,G022,0.014663401,1
990,G019,G046,0.014663363,1
991,G033,G004,0.014663348,1
992,G005,G004,0.014663208,1
993,G027,G029,0.014663103,1
994,G024,G012,0.014662923,1
995,G034,G031,0.014662904,1
996,G002,G017,0.014662853,1
997,G004,G038,0.014662799,1
998,G017,G042,0.0146627575,1
999,G049,G045,0.014662757,1
1000,G001,G047,0.014662752,1
1001,G018,G039,0.014662651,1
1002,G035,G020,0.014662602,1
1003,G046,G035,0.014662389,1
1004,G004,G028,0.014662346,1
1005,G046,G037,0.014662099,1
1006,G032,G013,0.014662062,1
1007,G014,G024,0.0146619845,1
1008,G021,G016,0.014661897,1
1009,G034,G003,0.014661788,1
1010,G006,G020,0.014661753,1
1011,G017,G040,0.014661689,1
1012,G015,G016,0.014661673,1
1013,G007,G046,0.014661663,1
1014,G024,G039,0.014661593,1
1015,G018,G049,0.014661417,1
1016,G041,G037,0.014661367,1
1017,G020,G031,0.01466123,1
1018,G010,G005,0.01466114,1
1019,G050,G014,0.014661053,1
1020,G039,G010,0.014660934,1
1021,G028,G010,0.0146609135,1
1022,G024,G001,0.014660907,1
1023,G020,G014,0.014660852,1
1024,G007,G013,0.014660799,1
1025,G009,G012,0.014660701,1
1026,G022,G004,0.0146606425,1
1027,G021,G012,0.01466062,1
1028,G035,G023,0.014660515,1
1029,G038,G009,0.014660465,1
1030,G009,G014,0.014660433,1
1031,G016,G003,0.014660425,1
1032,G010,G025,0.014660341,1
1033,G017,G049,0.014660324,1
1034,G029,G007,0.01466031,1
1035,G047,G002,0.014660252,1
1036,G011,G001,0.014660241,1
1037,G034,G035,0.0146602355,1
1038,G024,G029,0.014660235,1
1039,G031,G049,0.014660194,1
1040,G034,G022,0.0146601135,1
1041,G040,G012,0.014659919,1
1042,G024,G018,0.014659624,1
1043,G024,G048,0.014659469,1
1044,G038,G027,0.01465937,1
1045,G011,G032,0.014659124,1
1046,G041,G017,0.014659106,1
1047,G005,G019,0.014659092,1
1048,G012,G006,0.014658861,1
1049,G034,G027,0.014658836,1
1050,G013,G033,0.014658829,1
1051,G023,G010,0.014658774,1
1052,G009,G025,0.014658722,1
1053,G008,G038,0.014658646,1
1054,G013,G001,0.014658629,1
1055,G002,G024,0.014658607,1
1056,G022,G010,0.014658562,1
1057,G005,G018,0.014658507,1
1058,G019,G044,0.014658505,1
1059,G020,G015,0.014658493,1
1060,G017,G023,0.014658384,1
1061,G044,G037,0.014658161,1
1062,G012,G038,0.014658095,1
1063,G003,G020,0.014657848,1
1064,G048,G013,0.014657784,1
1065,G011,G010,0.0146576315,1
1066,G031,G036,0.014657558,1
1067,G035,G005,0.014657557,1
1068,G015,G011,0.014657529,1
1069,G049,G015,0.0146574695,1
1070,G024,G022,0.014657454,1
1071,G021,G020,0.0146573335,1
1072,G016,G010,0.014657299,1
1073,G038,G042,0.014657276,1
1074,G035,G014,0.014657093,1
1075,G035,G039,0.014656959,1
1076,G004,G008,0.014656795,1
1077,G045,G044,0.01465679,1
1078,G006,G022,0.0146567775,1
1079,G038,G045,0.014656715,1
1080,G003,G047,0.0146567095,1
1081,G030,G008,0.014656691,1
1082,G008,G025,0.014656688,1
1083,G021,G025,0.014656641,1
1084,G015,G017,0.014656386,1
1085,G015,G038,0.0146563025,1
1086,G032,G002,0.01465621,1
1087,G015,G041,0.014656202,1
1088,G043,G010,0.01465618,1
1089,G004,G033,0.014656177,1
1090,G018,G020,0.014655924,1
1091,G001,G008,0.014655761,1
1092,G028,G044,0.014655682,1
1093,G028,G048,0.014655542,1
1094,G039,G005,0.014655517,1
1095,G018,G042,0.014655515,1
1096,G032,G034,0.014655482,1
1097,G041,G027,0.014655472,1
1098,G030,G045,0.014655456,1
1099,G018,G016,0.014655425,1
1100,G004,G002,0.014655387,1
1101,G028,G020,0.014655275,1
1102,G011,G026,0.014655209,1
1103,G048,G038,0.014655097,1
1104,G042,G046,0.01465502,1
1105,G042,G017,0.014654965,1
1106,G042,G014,0.0146547565,1
1107,G006,G015,0.014654667,1
1108,G031,G013,0.01465454,1
1109,G010,G027,0.014654447,1
1110,G007,G044,0.01465436,1
1111,G034,G012,0.0146542555,1
1112,G008,G033,0.014654229,1
1113,G047,G006,0.014654186,1
1114,G049,G042,0.014654076,1
1115,G045,G014,0.014654039,1
1116,G004,G043,0.01465401,1
1117,G008,G019,0.014653989,1
1118,G036,G024,0.0146538755,1
1119,G045,G037,0.014653867,1
1120,G035,G026,0.014653722,1
1121,G001,G013,0.014653709,1
1122,G017,G015,0.014653668,1
1123,G023,G015,0.014653613,1
1124,G014,G044,0.014653516,1
1125,G031,G011,0.014653468,1
1126,G025,G046,0.014653459,1
1127,G047,G043,0.014653442,1
1128,G028,G007,0.014653356,1
1129,G047,G022,0.01465327,1
1130,G044,G016,0.014653241,1
1131,G039,G050,0.014653178,1
1132,G037,G013,0.0146531705,1
1133,G003,G044,0.0146531155,1
1134,G042,G048,0.01465307,1
1135,G021,G042,0.014652946,1
1136,G043,G012,0.014652898,1
1137,G030,G014,0.014652833,1
1138,G008,G027,0.014652776,1
1139,G047,G007,0.0146527095,1
1140,G049,G026,0.014652567,1
1141,G027,G009,0.014652537,1
1142,G045,G043,0.014652528,1
1143,G013,G020,0.014652452,1
1144,G013,G006,0.01465245,1
1145,G017,G032,0.014652418,1
1146,G037,G007,0.014652414,1
1147,G039,G028,0.014652407,1
1148,G030,G037,0.014652304,1
1149,G018,G036,0.014652186,1
1150,G012,G046,0.014652104,1
1151,G043,G015,0.014652055,1
1152,G029,G011,0.014651987,1
1153,G042,G018,0.014651986,1
1154,G016,G038,0.014651721,1
1155,G033,G041,0.014651549,1
1156,G024,G019,0.014651515,1
1157,G049,G011,0.014651468,1
1158,G005,G027,0.014651379,1
1159,G007,G002,0.014651279,1
1160,G038,G012,0.014651247,1
1161,G036,G015,0.014651081,1
1162,G042,G003,0.014651015,1
1163,G039,G030,0.014650988,1
1164,G007,G032,0.014650897,1
1165,G033,G008,0.014650866,1
1166,G041,G014,0.014650792,1
1167,G010,G033,0.014650634,1
1168,G022,G001,0.0146506205,1
1169,G012,G010,0.014650584,1
1170,G027,G045,0.014650527,1
1171,G005,G006,0.014650425,1
1172,G009,G032,0.014650368,1
1173,G029,G022,0.014650281,1
1174,G006,G014,0.014650191,1
1175,G041,G030,0.014649924,1
1176,G002,G023,0.014649834,1
1177,G014,G031,0.014649781,1
1178,G036,G016,0.014649728,1
1179,G029,G027,0.014649654,1
1180,G021,G050,0.014649494,1
1181,G049,G030,0.014649306,1
1182,G023,G040,0.01464925,1
1183,G022,G019,0.014649136,1
1184,G014,G035,0.014649096,1
1185,G037,G034,0.014649094,1
1186,G029,G047,0.014649004,1
1187,G050,G029,0.014648983,1
1188,G017,G018,0.014648974,1
1189,G038,G040,0.014648725,1
1190,G038,G037,0.014648716,1
1191,G023,G035,0.014648609,1
1192,G002,G003,0.014648287,1
1193,G016,G008,0.0146482065,1
1194,G028,G046,0.014647981,1
1195,G023,G012,0.014647944,1
1196,G021,G048,0.014647877,1
1197,G036,G039,0.014647766,1
1198,G022,G028,0.014647625,1
1199,G002,G029,0.014647115,1
1200,G033,G042,0.014647084,1
1201,G021,G045,0.014646992,1
1202,G035,G007,0.014646987,1
1203,G042,G001,0.014646976,1
1204,G047,G008,0.014646962,1
1205,G002,G033,0.014646952,1
1206,G037,G023,0.014646917,1
1207,G021,G022,0.014646766,1
1208,G015,G003,0.014646728,1
1209,G044,G045,0.014646637,1
1210,G008,G014,0.014646604,1
1211,G038,G001,0.0146466,1
1212,G011,G012,0.014646494,1
1213,G026,G050,0.014646422,1
1214,G021,G004,0.01464642,1
1215,G028,G050,0.014646393,1
1216,G047,G019,0.014646312,1
1217,G009,G034,0.014646018,1
1218,G009,G043,0.014645885,1
1219,G007,G016,0.014645818,1
1220,G049,G039,0.014645722,1
1221,G022,G046,0.014645693,1
1222,G038,G032,0.014645593,1
1223,G049,G002,0.014645405,1
1224,G038,G022,0.014645376,1
1225,G001,G037,0.014645223,1
1226,G027,G022,0.014645064,1
1227,G017,G027,0.014644922,1
1228,G016,G005,0.014644904,1
1229,G016,G037,0.014644757,1
1230,G028,G026,0.014644685,1
1231,G012,G047,0.014644683,1
1232,G050,G037,0.0146445045,1
1233,G009,G004,0.014644446,1
1234,G024,G033,0.014644432,1
1235,G044,G039,0.014644315,1
1236,G023,G017,0.0146442335,1
1237,G018,G021,0.0146442205,1
1238,G039,G041,0.014644174,1
1239,G040,G043,0.014644135,1
1240,G026,G028,0.014644059,1
1241,G036,G022,0.014644056,1
1242,G022,G037,0.014643942,1
1243,G002,G010,0.014643908,1
1244,G041,G024,0.014643893,1
1245,G023,G049,0.014643864,1
1246,G018,G028,0.0146438265,1
1247,G033,G028,0.014643784,1
1248,G025,G016,0.0146437595,1
1249,G032,G045,0.014643758,1
1250,G019,G018,0.014643745,1
1251,G046,G047,0.0146436915,1
1252,G029,G004,0.014643677,1
1253,G036,G044,0.014643418,1
1254,G007,G008,0.01464336,1
1255,G004,G010,0.014643349,1
1256,G048,G047,0.014643238,1
1257,G017,G010,0.014643093,1
1258,G035,G040,0.014643011,1
1259,G009,G028,0.014642799,1
1260,G033,G015,0.014642716,1
1261,G043,G040,0.014642677,1
1262,G028,G009,0.014642673,1
1263,G022,G029,0.014642523,1
1264,G015,G027,0.014642488,1
1265,G046,G007,0.014642457,1
1266,G031,G015,0.014642399,1
1267,G045,G013,0.014642325,1
1268,G002,G045,0.014642199,1
1269,G018,G047,0.014642188,1
1270,G029,G046,0.014642124,1
1271,G017,G045,0.014642106,1
1272,G019,G036,0.014642083,1
1273,G024,G014,0.014642019,1
1274,G007,G036,0.014641866,1
1275,G041,G045,0.014641692,1
1276,G042,G021,0.014641556,1
1277,G034,G037,0.014641514,1
1278,G031,G035,0.014641324,1
1279,G040,G008,0.014641273,1
1280,G014,G023,0.014641257,1
1281,G042,G020,0.014641248,1
1282,G004,G024,0.014641095,1
1283,G028,G015,0.01464108,1
1284,G018,G001,0.014641008,1
1285,G042,G019,0.014640862,1
1286,G022,G048,0.014640824,1
1287,G033,G043,0.014640657,1
1288,G048,G023,0.014640535,1
1289,G007,G003,0.014640524,1
1290,G001,G020,0.0146404235,1
1291,G038,G024,0.014640323,1
1292,G043,G039,0.014640291,1
1293,G001,G018,0.014640068,1
1294,G002,G019,0.014639981,1
1295,G045,G002,0.014639907,1
1296,G019,G009,0.014639623,1
1297,G017,G021,0.014639601,1
1298,G048,G015,0.014639386,1
1299,G018,G007,0.014639329,1
1300,G001,G031,0.014639025,1
1301,G032,G008,0.014638875,1
1302,G009,G002,0.014638811,1
1303,G003,G023,0.014638722,1
1304,G042,G039,0.014638717,1
1305,G002,G013,0.0146386,1
1306,G027,G032,0.0146385385,1
1307,G042,G029,0.014638331,1
1308,G030,G044,0.01463825,1
1309,G034,G036,0.014638162,1
1310,G010,G034,0.014638089,1
1311,G018,G023,0.014638,1
1312,G005,G008,0.014637936,1
1313,G037,G018,0.01463791,1
1314,G021,G018,0.014637874,1
1315,G026,G015,0.014637852,1
1316,G012,G017,0.014637781,1
1317,G040,G024,0.014637486,1
1318,G047,G050,0.014637089,1
1319,G004,G001,0.014637039,1
1320,G033,G005,0.014637036,1
1321,G021,G032,0.014636997,1
1322,G043,G011,0.014636928,1
1323,G031,G029,0.014636894,1
1324,G003,G010,0.014636842,1
1325,G038,G005,0.014636839,1
1326,G036,G041,0.014636735,1
1327,G042,G016,0.014636239,1
1328,G021,G035,0.014636051,1
1329,G014,G017,0.014636044,1
1330,G028,G025,0.014635975,1
1331,G010,G035,0.014635637,1
1332,G018,G029,0.014635608,1
1333,G022,G006,0.014635467,1
1334,G049,G025,0.01463545,1
1335,G038,G033,0.014635257,1
1336,G006,G012,0.014635216,1
1337,G041,G035,0.014635119,1
1338,G013,G016,0.014635031,1
1339,G021,G027,0.0146349715,1
1340,G038,G043,0.014634786,1
1341,G044,G015,0.014634716,1
1342,G009,G049,0.014634628,1
1343,G004,G050,0.01463449,1
1344,G025,G047,0.014634437,1
1345,G014,G038,0.014634422,1
1346,G001,G043,0.014634322,1
1347,G039,G019,0.014634257,1
1348,G021,G044,0.014634052,1
1349,G022,G039,0.01463404,1
1350,G024,G005,0.014634034,1
1351,G048,G036,0.014633618,1
1352,G044,G048,0.014633568,1
1353,G028,G041,0.014633524,1
1354,G037,G016,0.014633462,1
1355,G049,G022,0.014633414,1
1356,G035,G049,0.014633385,1
1357,G012,G040,0.014633339,1
1358,G017,G005,0.0146333175,1
1359,G007,G010,0.014633311,1
1360,G031,G024,0.014633069,1
1361,G011,G036,0.014633025,1
1362,G025,G002,0.0146330185,1
1363,G001,G042,0.014632967,1
1364,G041,G012,0.014632946,1
1365,G013,G044,0.014632834,1
1366,G011,G029,0.014632792,1
1367,G002,G047,0.014632715,1
1368,G027,G037,0.014632695,1
1369,G050,G016,0.014632657,1
1370,G009,G007,0.014632409,1
1371,G002,G037,0.014632389,1
1372,G007,G019,0.014632382,1
1373,G048,G009,0.014632244,1
1374,G040,G015,0.014632219,1
1375,G018,G035,0.014632142,1
1376,G014,G003,0.014632129,1
1377,G006,G028,0.0146321105,1
1378,G008,G046,0.014632065,1
1379,G043,G004,0.014632031,1
1380,G032,G043,0.014632029,1
1381,G009,G042,0.014631937,1
1382,G048,G002,0.014631884,1
1383,G039,G046,0.014631865,1
1384,G049,G007,0.014631859,1
1385,G037,G039,0.014631777,1
1386,G005,G031,0.014631719,1
1387,G036,G040,0.014631695,1
1388,G014,G029,0.014631625,1
1389,G031,G010,0.014631597,1
1390,G002,G038,0.014631573,1
1391,G050,G042,0.014631455,1
1392,G037,G026,0.014631321,1
1393,G021,G040,0.014631292,1
1394,G016,G002,0.014631285,1
1395,G046,G015,0.014631265,1
1396,G005,G043,0.014631261,1
1397,G044,G047,0.014631247,1
1398,G047,G036,0.014631214,1
1399,G045,G048,0.01463105,1
1400,G050,G009,0.014630843,1
1401,G001,G039,0.014630546,1
1402,G045,G020,0.014630426,1
1403,G008,G049,0.014630396,1
1404,G047,G009,0.0146303885,1
1405,G012,G008,0.014630388,1
1406,G034,G026,0.01463034,1
1407,G007,G043,0.014630306,1
1408,G027,G046,0.014630292,1
1409,G007,G034,0.014630272,1
1410,G029,G013,0.014630152,1
1411,G016,G015,0.01462991,1
1412,G004,G035,0.014629809,1
1413,G046,G011,0.014629687,1
1414,G031,G023,0.014629487,1
1415,G048,G027,0.01462938,1
1416,G048,G026,0.014629347,1
1417,G028,G035,0.014629168,1
1418,G032,G027,0.014628931,1
1419,G015,G029,0.014628892,1
1420,G040,G050,0.014628851,1
1421,G027,G040,0.014628768,1
1422,G027,G049,0.014628715,1
1423,G025,G050,0.014628685,1
1424,G024,G015,0.014628661,1
1425,G025,G022,0.014628568,1
1426,G039,G021,0.014628538,1
1427,G001,G009,0.014628442,1
1428,G045,G009,0.014628428,1
1429,G039,G044,0.014628151,1
1430,G036,G046,0.014628002,1
1431,G049,G032,0.014627873,1
1432,G016,G045,0.014627694,1
1433,G020,G027,0.01462758,1
1434,G035,G046,0.014627436,1
1435,G019,G003,0.014627427,1
1436,G004,G039,0.014627107,1
1437,G025,G030,0.014627089,1
1438,G046,G006,0.014626969,1
1439,G011,G009,0.014626963,1
1440,G011,G003,0.014626933,1
1441,G031,G001,0.01462684,1
1442,G026,G003,0.014626744,1
1443,G031,G041,0.014626438,1
1444,G026,G007,0.014626399,1
1445,G004,G025,0.014626383,1
1446,G030,G013,0.014626363,1
1447,G014,G030,0.014626328,1
1448,G050,G045,0.014626319,1
1449,G037,G022,0.014625966,1
1450,G045,G040,0.0146259405,1
1451,G047,G029,0.014625876,1
1452,G030,G047,0.014625794,1
1453,G013,G011,0.014625761,1
1454,G016,G014,0.014625714,1
1455,G042,G028,0.0146257095,1
1456,G019,G034,0.014625656,1
1457,G035,G036,0.014625554,1
1458,G035,G044,0.014625511,1
1459,G032,G036,0.014625364,1
1460,G029,G041,0.014625321,1
1461,G034,G038,0.014625304,1
1462,G003,G017,0.014625218,1
1463,G036,G028,0.014625158,1
1464,G048,G008,0.01462505,1
1465,G025,G040,0.014624949,1
1466,G024,G042,0.014624899,1
1467,G024,G034,0.014624892,1
1468,G032,G044,0.014624868,1
1469,G039,G031,0.014624861,1
1470,G023,G027,0.014624855,1
1471,G009,G041,0.014624854,1
1472,G026,G012,0.014624807,1
1473,G014,G019,0.014624805,1
1474,G034,G005,0.014624169,1
1475,G037,G032,0.014624005,1
1476,G025,G028,0.014623947,1
1477,G021,G010,0.014623927,1
1478,G049,G040,0.014623921,1
1479,G046,G018,0.01462391,1
1480,G041,G009,0.014623814,1
1481,G012,G002,0.0146238115,1
1482,G010,G007,0.014623702,1
1483,G034,G045,0.014623572,1
1484,G040,G009,0.014623412,1
1485,G049,G046,0.014623296,1
1486,G023,G014,0.01462327,1
1487,G016,G036,0.014623216,1
1488,G012,G009,0.014623141,1
1489,G045,G049,0.014623089,1
1490,G025,G013,0.014623078,1
1491,G037,G005,0.01462306,1
1492,G046,G004,0.01462302,1
1493,G005,G026,0.0146229705,1
1494,G038,G023,0.014622945,1
1495,G035,G013,0.014622921,1
1496,G018,G034,0.014622863,1
1497,G024,G004,0.014622552,1
1498,G013,G027,0.014622357,1
1499,G031,G046,0.01462235,1
1500,G003,G029,0.014622293,1
1501,G031,G022,0.014622281,1
1502,G024,G040,0.0146220755,1
1503,G015,G010,0.014621973,1
1504,G048,G049,0.014621907,1
1505,G050,G004,0.014621844,1
1506,G034,G049,0.014621686,1
1507,G026,G019,0.01462144,1
1508,G044,G033,0.014621377,1
1509,G023,G007,0.014621351,1
1510,G030,G023,0.014621105,1
1511,G042,G041,0.014621097,1
1512,G046,G031,0.014620941,1
1513,G043,G024,0.014620752,1
1514,G010,G015,0.014620712,1
1515,G021,G029,0.0146206925,1
1516,G040,G014,0.014620652,1
1517,G048,G010,0.014620594,1
1518,G044,G041,0.014620067,1
1519,G050,G020,0.014620067,1
1520,G043,G034,0.014620035,1
1521,G039,G015,0.01461995,1
1522,G031,G016,0.014619937,1
1523,G032,G004,0.014619912,1
1524,G048,G041,0.014619889,1
1525,G036,G002,0.014619852,1
1526,G044,G036,0.014619758,1
1527,G028,G022,0.014619681,1
1528,G043,G029,0.01461965,1
1529,G002,G016,0.014619513,1
1530,G037,G029,0.014619414,1
1531,G029,G021,0.014619366,1
1532,G019,G033,0.014619298,1
1533,G019,G007,0.014619266,1
1534,G050,G026,0.014619144,1
1535,G016,G001,0.0146189565,1
1536,G033,G019,0.014618768,1
1537,G010,G022,0.014618761,1
1538,G039,G045,0.014618523,1
1539,G042,G009,0.014618515,1
1540,G041,G015,0.014618471,1
1541,G028,G043,0.014618388,1
1542,G030,G031,0.014618363,1
1543,G036,G005,0.014618212,1
1544,G034,G030,0.0146181155,1
1545,G023,G001,0.014618115,1
1546,G014,G012,0.014618019,1
1547,G025,G029,0.01461786,1
1548,G005,G025,0.014617796,1
1549,G025,G007,0.014617784,1
1550,G050,G046,0.014617747,1
1551,G049,G009,0.014617728,1
1552,G040,G020,0.0146177085,1
1553,G029,G037,0.014617464,1
1554,G010,G048,0.014617379,1
1555,G041,G003,0.014617237,1
1556,G011,G045,0.014617098,1
1557,G029,G024,0.014617002,1
1558,G002,G046,0.01461681,1
1559,G037,G010,0.014616656,1
1560,G021,G030,0.014616595,1
1561,G047,G035,0.014616595,1
1562,G027,G011,0.014616479,1
1563,G036,G018,0.014616303,1
1564,G040,G029,0.014616095,1
1565,G042,G022,0.014616092,1
1566,G042,G008,0.0146160405,1
1567,G048,G034,0.0146160275,1
1568,G026,G034,0.0146160275,1
1569,G032,G049,0.014616022,1
1570,G050,G032,0.014615973,1
1571,G032,G041,0.014615924,1
1572,G030,G019,0.014615854,1
1573,G019,G050,0.014615214,1
1574,G007,G024,0.014615091,1
1575,G008,G004,0.014615041,1
1576,G026,G001,0.01461503,1
1577,G030,G021,0.0146150105,1
1578,G042,G013,0.014614926,1
1579,G034,G042,0.014614893,1
1580,G033,G029,0.014614809,1
1581,G010,G047,0.014614804,1
1582,G018,G014,0.014614574,1
1583,G044,G010,0.014614563,1
1584,G037,G006,0.014614548,1
1585,G045,G042,0.014614441,1
1586,G043,G036,0.014614415,1
1587,G046,G041,0.014614259,1
1588,G049,G012,0.014614258,1
1589,G033,G050,0.014614196,1
1590,G005,G044,0.014614176,1
1591,G041,G050,0.014614138,1
1592,G021,G006,0.014614083,1
1593,G013,G035,0.014613942,1
1594,G030,G006,0.014613806,1
1595,G020,G017,0.0146135045,1
1596,G025,G038,0.014613488,1
1597,G040,G049,0.014613486,1
1598,G026,G005,0.014613233,1
1599,G033,G031,0.014613219,1
1600,G040,G017,0.014613184,1
1601,G038,G025,0.014613039,1
1602,G040,G005,0.014613035,1
1603,G036,G011,0.014612932,1
1604,G024,G006,0.014612786,1
1605,G049,G006,0.014612703,1
1606,G041,G047,0.01461234,1
1607,G010,G028,0.014612332,1
1608,G036,G023,0.01461223,1
1609,G036,G032,0.014612202,1
1610,G049,G047,0.0146122,1
1611,G019,G030,0.014612156,1
1612,G003,G006,0.014612135,1
1613,G011,G041,0.014611968,1
1614,G026,G033,0.014611916,1
1615,G034,G004,0.014611828,1
1616,G043,G019,0.014611808,1
1617,G030,G018,0.01461171,1
1618,G048,G030,0.014611665,1
1619,G003,G046,0.014611279,1
1620,G005,G003,0.014611234,1
1621,G025,G004,0.014611058,1
1622,G039,G027,0.014611,1
1623,G034,G032,0.0146108745,1
1624,G014,G032,0.014610785,1
1625,G043,G014,0.014610769,1
1626,G030,G005,0.014610706,1
1627,G006,G016,0.0146106575,1
1628,G009,G031,0.014610632,1
1629,G008,G013,0.014610556,1
1630,G029,G019,0.014610465,1
1631,G032,G026,0.01461044,1
1632,G040,G010,0.014610315,1
1633,G024,G010,0.014610314,1
1634,G023,G003,0.014610288,1
1635,G044,G003,0.014610288,1
1636,G041,G043,0.014610254,1
1637,G040,G004,0.014610112,1
1638,G037,G043,0.014609806,1
1639,G005,G017,0.014609599,1
1640,G025,G003,0.01460948,1
1641,G040,G046,0.014609442,1
1642,G026,G046,0.014609353,1
1643,G043,G038,0.014609138,1
1644,G003,G028,0.01460902,1
1645,G014,G045,0.014608842,1
1646,G009,G047,0.0146085145,1
1647,G018,G012,0.014608465,1
1648,G039,G043,0.014608326,1
1649,G040,G023,0.0146083245,1
1650,G013,G036,0.014608232,1
1651,G036,G010,0.014608151,1
1652,G050,G001,0.014608027,1
1653,G033,G030,0.0146079585,1
1654,G041,G008,0.014607895,1
1655,G020,G005,0.0146078225,1
1656,G045,G016,0.014607789,1
1657,G028,G040,0.014607684,1
1658,G031,G008,0.014607605,1
1659,G015,G001,0.01460759,1
1660,G007,G017,0.014607306,1
1661,G017,G046,0.014607267,1
1662,G018,G038,0.014607243,1
1663,G010,G037,0.014607168,1
1664,G026,G045,0.01460697,1
1665,G036,G030,0.014606898,1
1666,G030,G015,0.014606896,1
1667,G006,G029,0.014606765,1
1668,G013,G037,0.014606628,1
1669,G001,G032,0.014606619,1
1670,G021,G023,0.014606594,1
1671,G001,G033,0.014606527,1
1672,G011,G021,0.0146064665,1
1673,G032,G028,0.014606438,1
1674,G009,G020,0.0146063715,1
1675,G026,G002,0.014606062,1
1676,G012,G031,0.014605985,1
1677,G028,G030,0.014605812,1
1678,G012,G011,0.014605769,1
1679,G012,G036,0.01460567,1
1680,G042,G047,0.014605609,1
1681,G009,G030,0.014605527,1
1682,G038,G036,0.014605233,1
1683,G022,G011,0.014605206,1
1684,G021,G046,0.014605174,1
1685,G019,G015,0.014605162,1
1686,G049,G036,0.014605066,1
1687,G011,G004,0.014605033,1
1688,G027,G002,0.0146049615,1
1689,G037,G020,0.014604926,1
1690,G008,G003,0.014604911,1
1691,G017,G033,0.014604909,1
1692,G020,G030,0.0146048935,1
1693,G004,G032,0.014604872,1
1694,G030,G010,0.014604862,1
1695,G013,G039,0.014604855,1
1696,G013,G025,0.014604653,1
1697,G026,G036,0.014604615,1
1698,G028,G047,0.014604577,1
1699,G042,G037,0.014604569,1
1700,G023,G011,0.014604548,1
1701,G009,G036,0.014604499,1
1702,G002,G020,0.014604485,1
1703,G019,G024,0.014604346,1
1704,G011,G031,0.014604234,1
1705,G012,G019,0.014604168,1
1706,G017,G048,0.014603729,1
1707,G009,G044,0.014603473,1
1708,G029,G005,0.0146033345,1
1709,G001,G002,0.0146032795,1
1710,G049,G029,0.014603192,1
1711,G035,G043,0.014602915,1
1712,G009,G022,0.014602839,1
1713,G021,G038,0.014602794,1
1714,G007,G035,0.014602787,1
1715,G014,G040,0.014602768,1
1716,G046,G026,0.014602742,1
1717,G015,G044,0.01460272,1
1718,G005,G021,0.014602636,1
1719,G038,G010,0.01460253,1
1720,G027,G036,0.014602528,1
1721,G028,G032,0.014602512,1
1722,G017,G041,0.014602465,1
1723,G020,G004,0.014602297,1
1724,G009,G048,0.014602291,1
1725,G014,G002,0.014602269,1
1726,G039,G047,0.014602209,1
1727,G049,G014,0.01460217,1
1728,G034,G041,0.014602161,1
1729,G021,G028,0.0146021545,1
1730,G041,G002,0.014602118,1
1731,G014,G010,0.014602072,1
1732,G025,G012,0.014601859,1
1733,G002,G011,0.014601669,1
1734,G019,G028,0.01460165,1
1735,G040,G018,0.014601358,1
1736,G044,G034,0.014601322,1
1737,G041,G019,0.014601273,1
1738,G020,G029,0.014601269,1
1739,G030,G002,0.0146012455,1
1740,G035,G042,0.014601231,1
1741,G005,G048,0.014601148,1
1742,G023,G046,0.014601146,1
1743,G022,G002,0.014601,1
1744,G039,G016,0.01460099,1
1745,G006,G036,0.014600834,1
1746,G001,G024,0.014600828,1
1747,G042,G033,0.014600747,1
1748,G009,G046,0.014600681,1
1749,G011,G040,0.014600656,1
1750,G016,G032,0.014600585,1
1751,G007,G005,0.0146005815,1
1752,G043,G025,0.014600351,1
1753,G044,G012,0.014600329,1
1754,G021,G014,0.0145999845,1
1755,G006,G041,0.014599913,1
1756,G037,G046,0.014599879,1
1757,G025,G027,0.014599793,1
1758,G013,G030,0.014599773,1
1759,G036,G020,0.014599645,1
1760,G002,G022,0.014599634,1
1761,G037,G033,0.014599411,1
1762,G010,G011,0.014599292,1
1763,G003,G034,0.0145992385,1
1764,G039,G034,0.014599086,1
1765,G011,G034,0.014599018,1
1766,G035,G038,0.014598939,1
1767,G004,G023,0.01459862,1
1768,G023,G026,0.014598618,1
1769,G025,G005,0.014598554,1
1770,G001,G048,0.014598548,1
1771,G029,G038,0.014598532,1
1772,G014,G026,0.014598429,1
1773,G005,G001,0.014598428,1
1774,G021,G002,0.014598415,1
1775,G047,G023,0.014598055,1
1776,G040,G025,0.014597835,1
1777,G002,G004,0.014597715,1
1778,G003,G038,0.01459769,1
1779,G012,G018,0.014597438,1
1780,G029,G050,0.014597333,1
1781,G020,G022,0.014597279,1
1782,G005,G011,0.014597238,1
1783,G037,G011,0.0145972,1
1784,G023,G018,0.014597168,1
1785,G026,G014,0.014597117,1
1786,G021,G041,0.014596993,1
1787,G028,G034,0.01459688,1
1788,G050,G038,0.014596601,1
1789,G013,G031,0.014596583,1
1790,G011,G006,0.014596451,1
1791,G047,G038,0.014596365,1
1792,G003,G050,0.01459636,1
1793,G022,G040,0.014596264,1
1794,G030,G026,0.014596248,1
1795,G001,G030,0.014596197,1
1796,G036,G007,0.0145961875,1
1797,G004,G045,0.014596146,1
1798,G044,G014,0.014596108,1
1799,G009,G026,0.014595979,1
1800,G019,G038,0.014595945,1
1801,G025,G032,0.014595886,1
1802,G007,G023,0.014595856,1
1803,G020,G041,0.014595787,1
1804,G007,G025,0.014595606,1
1805,G049,G018,0.014595582,1
1806,G003,G036,0.014595381,1
1807,G019,G005,0.014595294,1
1808,G024,G044,0.014595214,1
1809,G015,G024,0.014595196,1
1810,G048,G019,0.014595055,1
1811,G018,G013,0.014595053,1
1812,G017,G011,0.0145948315,1
1813,G018,G048,0.014594652,1
1814,G013,G050,0.014594562,1
1815,G050,G023,0.014594497,1
1816,G004,G026,0.014594475,1
1817,G043,G005,0.014594469,1
1818,G045,G023,0.014594342,1
1819,G043,G013,0.014594262,1
1820,G040,G011,0.014594151,1
1821,G028,G006,0.014594143,1
1822,G018,G019,0.014594136,1
1823,G021,G008,0.014594054,1
1824,G019,G040,0.014593959,1
1825,G001,G021,0.014593925,1
1826,G005,G042,0.014593833,1
1827,G044,G025,0.014593588,1
1828,G042,G005,0.014593531,1
1829,G045,G027,0.014593518,1
1830,G044,G030,0.014593486,1
1831,G004,G015,0.014593476,1
1832,G006,G004,0.014593265,1
1833,G043,G028,0.014593225,1
1834,G005,G010,0.014593199,1
1835,G010,G008,0.014592993,1
1836,G044,G005,0.014592887,1
1837,G046,G008,0.014592782,1
1838,G015,G031,0.014592622,1
1839,G011,G038,0.01459251,1
1840,G035,G045,0.014592467,1
1841,G023,G025,0.014592289,1
1842,G006,G011,0.014592281,1
1843,G012,G042,0.014592225,1
1844,G010,G046,0.014592144,1
1845,G015,G030,0.0145921195,1
1846,G017,G006,0.014592068,1
1847,G013,G018,0.014592045,1
1848,G030,G017,0.014592029,1
1849,G025,G024,0.014592019,1
1850,G006,G001,0.014592006,1
1851,G006,G049,0.014591994,1
1852,G039,G013,0.0145919705,1
1853,G006,G023,0.0145919155,1
1854,G003,G033,0.014591878,1
1855,G027,G005,0.014591841,1
1856,G048,G006,0.014591756,1
1857,G046,G042,0.014591603,1
1858,G037,G042,0.014591577,1
1859,G022,G007,0.014591492,1
1860,G039,G017,0.0145914545,1
1861,G040,G019,0.014591362,1
1862,G032,G003,0.014591268,1
1863,G013,G047,0.0145912515,1
1864,G012,G025,0.014591236,1
1865,G003,G042,0.01459103,1
1866,G003,G032,0.014590973,1
1867,G001,G003,0.014590949,1
1868,G047,G032,0.014590899,1
1869,G006,G044,0.0145908855,1
1870,G050,G036,0.014590861,1
1871,G009,G006,0.014590813,1
1872,G049,G034,0.014590794,1
1873,G023,G036,0.014590781,1
1874,G021,G015,0.014590739,1
1875,G049,G004,0.014590659,1
1876,G035,G021,0.014590651,1
1877,G031,G003,0.014590576,1
1878,G043,G008,0.014590575,1
1879,G029,G016,0.014590554,1
1880,G024,G017,0.014590394,1
1881,G050,G043,0.014590364,1
1882,G022,G035,0.014590345,1
1883,G044,G017,0.014590327,1
1884,G017,G025,0.014590307,1
1885,G041,G001,0.014590198,1
1886,G033,G014,0.014590075,1
1887,G020,G026,0.014589906,1
1888,G025,G043,0.014589828,1
1889,G023,G041,0.0145898145,1
1890,G019,G026,0.014589619,1
1891,G024,G035,0.014589528,1
1892,G012,G050,0.014589379,1
1893,G032,G035,0.014589358,1
1894,G046,G023,0.014589358,1
1895,G014,G039,0.014589303,1
1896,G046,G048,0.014589276,1
1897,G041,G010,0.01458927,1
1898,G034,G050,0.014589223,1
1899,G037,G024,0.014589174,1
1900,G043,G047,0.01458905,1
1901,G049,G050,0.014588944,1
1902,G019,G023,0.0145889325,1
1903,G037,G031,0.014588927,1
1904,G013,G029,0.014588863,1
1905,G011,G024,0.014588787,1
1906,G022,G016,0.014588686,1
1907,G045,G010,0.0145886345,1
1908,G036,G029,0.014588583,1
1909,G006,G048,0.014588392,1
1910,G008,G026,0.014588334,1
1911,G004,G031,0.01458832,1
1912,G006,G013,0.01458827,1
1913,G023,G009,0.014588151,1
1914,G048,G022,0.014588111,1
1915,G045,G018,0.014588039,1
1916,G006,G043,0.014587913,1
1917,G009,G021,0.014587886,1
1918,G008,G009,0.014587868,1
1919,G042,G011,0.014587756,1
1920,G001,G026,0.014587665,1
1921,G039,G004,0.014587499,1
1922,G032,G014,0.014587409,1
1923,G034,G043,0.014587307,1
1924,G015,G014,0.014587289,1
1925,G049,G028,0.014587028,1
1926,G002,G044,0.014587021,1
1927,G046,G024,0.014587015,1
1928,G035,G016,0.014587013,1
1929,G019,G020,0.014586913,1
1930,G020,G008,0.01458676,1
1931,G047,G005,0.014586621,1
1932,G010,G017,0.014586524,1
1933,G035,G030,0.01458648,1
1934,G012,G028,0.014586353,1
1935,G032,G019,0.014586335,1
1936,G034,G011,0.014586306,1
1937,G011,G013,0.014586285,1
1938,G035,G015,0.014586261,1
1939,G047,G041,0.014585801,1
1940,G038,G017,0.014585622,1
1941,G042,G035,0.014585575,1
1942,G016,G011,0.0145855,1
1943,G015,G042,0.014585483,1
1944,G005,G046,0.014585474,1
1945,G048,G004,0.01458543,1
1946,G027,G018,0.014585166,1
1947,G027,G042,0.014585136,1
1948,G003,G049,0.014585127,1
1949,G026,G035,0.014585083,1
1950,G018,G002,0.014585029,1
1951,G005,G029,0.014584948,1
1952,G043,G045,0.014584917,1
1953,G046,G036,0.014584851,1
1954,G027,G038,0.01458483,1
1955,G049,G005,0.014584486,1
1956,G022,G017,0.014584471,1
1957,G010,G024,0.0145844305,1
1958,G031,G005,0.014584419,1
1959,G017,G024,0.014584401,1
1960,G019,G002,0.0145843085,1
1961,G030,G025,0.014584254,1
1962,G016,G033,0.014584214,1
1963,G028,G037,0.014584103,1
1964,G031,G039,0.014584077,1
1965,G006,G042,0.014583947,1
1966,G035,G018,0.014583836,1
1967,G048,G040,0.014583777,1
1968,G046,G005,0.014583677,1
1969,G011,G016,0.014583628,1
1970,G035,G033,0.014583432,1
1971,G043,G007,0.014583335,1
1972,G024,G045,0.014583273,1
1973,G046,G010,0.014583265,1
1974,G036,G033,0.014583151,1
1975,G039,G042,0.014583034,1
1976,G024,G021,0.01458299,1
1977,G039,G014,0.014582985,1
1978,G023,G021,0.01458297,1
1979,G050,G033,0.01458285,1
1980,G031,G025,0.01458238,1
1981,G049,G048,0.014582324,1
1982,G048,G031,0.014582287,1
1983,G028,G011,0.014582282,1
1984,G047,G015,0.014582272,1
1985,G042,G010,0.014581913,1
1986,G045,G047,0.014581811,1
1987,G005,G033,0.014581684,1
1988,G011,G014,0.014581661,1
1989,G032,G015,0.014581616,1
1990,G038,G006,0.014581601,1
1991,G047,G037,0.014581572,1
1992,G048,G043,0.014581532,1
1993,G008,G005,0.014581471,1
1994,G023,G029,0.014581213,1
1995,G032,G024,0.01458121,1
1996,G040,G032,0.01458119,1
1997,G024,G013,0.014581002,1
1998,G040,G026,0.0145809725,1
1999,G017,G036,0.014580845,1
2000,G037,G050,0.014580821,1
2001,G039,G049,0.0145808,1
2002,G034,G006,0.014580622,1
2003,G025,G009,0.014580561,1
2004,G011,G017,0.014580512,1
2005,G016,G006,0.014580504,1
2006,G046,G013,0.014580432,1
2007,G045,G007,0.014580402,1
2008,G013,G032,0.014580361,1
2009,G007,G009,0.0145803,1
2010,G018,G025,0.014580171,1
2011,G003,G025,0.014580153,1
2012,G011,G048,0.014580004,1
2013,G020,G007,0.014579911,1
2014,G032,G021,0.0145798465,1
2015,G041,G011,0.014579763,1
2016,G044,G004,0.014579612,1
2017,G023,G028,0.014579562,1
2018,G013,G024,0.014579458,1
2019,G036,G025,0.014579444,1
2020,G013,G017,0.014579297,1
2021,G046,G043,0.014579291,1
2022,G037,G012,0.014579088,1
2023,G038,G019,0.014579067,1
2024,G021,G026,0.014578901,1
2025,G030,G028,0.014578814,1
2026,G016,G048,0.014578753,1
2027,G046,G044,0.014578742,1
2028,G037,G047,0.014578683,1
2029,G016,G018,0.014578663,1
2030,G014,G009,0.014578477,1
2031,G029,G034,0.014578377,1
2032,G008,G001,0.014578247,1
2033,G015,G036,0.014578158,1
2034,G033,G018,0.014578035,1
2035,G022,G030,0.014577981,1
2036,G016,G047,0.0145779615,1
2037,G005,G047,0.014577734,1
2038,G017,G001,0.014577692,1
2039,G030,G016,0.014577546,1
2040,G039,G038,0.014577482,1
2041,G012,G005,0.014577377,1
2042,G023,G005,0.014577329,1
2043,G001,G038,0.014577304,1
2044,G044,G029,0.0145772295,1
2045,G026,G024,0.0145772165,1
2046,G029,G002,0.014577168,1
2047,G039,G033,0.014577162,1
2048,G005,G032,0.01457685,1
2049,G033,G007,0.014576822,1
2050,G047,G046,0.014576761,1
2051,G028,G024,0.014576677,1
2052,G007,G048,0.014576289,1
2053,G048,G033,0.014576271,1
2054,G020,G035,0.014576207,1
2055,G032,G033,0.014576093,1
2056,G002,G015,0.014576076,1
2057,G004,G005,0.014576027,1
2058,G044,G040,0.014575979,1
2059,G040,G003,0.014575943,1
2060,G009,G038,0.014575787,1
2061,G010,G049,0.014575671,1
2062,G012,G014,0.01457564,1
2063,G015,G047,0.014575639,1
2064,G019,G048,0.014575544,1
2065,G042,G034,0.014575462,1
2066,G018,G040,0.014575455,1
2067,G033,G040,0.014575433,1
2068,G025,G039,0.014575412,1
2069,G004,G042,0.0145753035,1
2070,G037,G001,0.014575302,1
2071,G034,G040,0.01457527,1
2072,G009,G033,0.014575269,1
2073,G015,G050,0.014575102,1
2074,G011,G033,0.014574932,1
2075,G027,G023,0.014574882,1
2076,G044,G043,0.014574814,1
2077,G001,G034,0.014574589,1
2078,G012,G039,0.014574585,1
2079,G040,G021,0.014574395,1
2080,G012,G022,0.014574382,1
2081,G048,G018,0.014574315,1
2082,G024,G003,0.014574212,1
2083,G046,G016,0.014574178,1
2084,G021,G031,0.014574131,1
2085,G046,G030,0.014574113,1
2086,G005,G040,0.014574035,1
2087,G006,G021,0.014574019,1
2088,G047,G012,0.014573915,1
2089,G004,G006,0.014573899,1
2090,G030,G046,0.014573868,1
2091,G036,G027,0.014573834,1
2092,G040,G038,0.014573818,1
2093,G003,G012,0.014573633,1
2094,G027,G044,0.014573528,1
2095,G047,G042,0.014573457,1
2096,G002,G039,0.014573443,1
2097,G033,G020,0.014573431,1
2098,G048,G050,0.0145734195,1
2099,G007,G026,0.014573416,1
2100,G031,G032,0.014573398,1
2101,G018,G026,0.014573358,1
2102,G011,G022,0.014573352,1
2103,G016,G019,0.014573319,1
2104,G045,G005,0.014572962,1
2105,G032,G006,0.0145729575,1
2106,G020,G025,0.014572833,1
2107,G043,G006,0.014572734,1
2108,G021,G013,0.014572625,1
2109,G040,G035,0.014572583,1
2110,G014,G001,0.014572563,1
2111,G043,G030,0.014572486,1
2112,G043,G031,0.014572441,1
2113,G001,G012,0.014572413,1
2114,G010,G001,0.014572297,1
2115,G039,G029,0.014572104,1
2116,G016,G035,0.014572021,1
2117,G047,G028,0.014572,1
2118,G039,G002,0.0145719405,1
2119,G038,G039,0.0145719135,1
2120,G008,G042,0.014571671,1
2121,G041,G042,0.014571527,1
2122,G020,G046,0.014571517,1
2123,G050,G007,0.014571449,1
2124,G016,G050,0.014571348,1
2125,G026,G017,0.014571324,1
2126,G002,G028,0.01457131,1
2127,G012,G004,0.0145708965,1
2128,G029,G033,0.014570879,1
2129,G014,G006,0.014570772,1
2130,G013,G023,0.014570756,1
2131,G014,G028,0.014570699,1
2132,G040,G034,0.014570637,1
2133,G017,G038,0.014570601,1
2134,G004,G029,0.0145704355,1
2135,G001,G015,0.014570365,1
2136,G034,G023,0.0145703135,1
2137,G039,G022,0.01457031,1
2138,G043,G033,0.014570227,1
2139,G019,G008,0.01457014,1
2140,G022,G012,0.014570086,1
2141,G035,G003,0.01456993,1
2142,G013,G048,0.014569913,1
2143,G007,G038,0.014569816,1
2144,G020,G024,0.014569814,1
2145,G045,G008,0.014569801,1
2146,G008,G047,0.014569779,1
2147,G035,G006,0.014569696,1
2148,G044,G032,0.014569683,1
2149,G035,G031,0.014569542,1
2150,G020,G047,0.014569525,1
2151,G003,G018,0.014569507,1
2152,G042,G006,0.014569369,1
2153,G015,G020,0.014569357,1
2154,G010,G023,0.014569252,1
2155,G015,G025,0.014569155,1
2156,G026,G011,0.014569085,1
2157,G022,G018,0.014569073,1
2158,G034,G020,0.014569008,1
2159,G037,G041,0.014569006,1
2160,G049,G043,0.014568994,1
2161,G005,G035,0.014568883,1
2162,G025,G035,0.014568785,1
2163,G013,G010,0.014568746,1
2164,G044,G031,0.014568739,1
2165,G011,G008,0.014568715,1
2166,G050,G012,0.014568669,1
2167,G041,G025,0.014568664,1
2168,G020,G048,0.014568456,1
2169,G003,G041,0.014568282,1
2170,G038,G013,0.014568249,1
2171,G013,G004,0.014568003,1
2172,G039,G048,0.014567966,1
2173,G003,G048,0.014567827,1
2174,G020,G023,0.014567627,1
2175,G047,G017,0.014567574,1
2176,G041,G018,0.014567528,1
2177,G039,G026,0.014567521,1
2178,G020,G042,0.014567493,1
2179,G036,G037,0.014567452,1
2180,G002,G009,0.014567437,1
2181,G036,G009,0.014567324,1
2182,G017,G044,0.014567293,1
2183,G008,G044,0.014567202,1
2184,G050,G041,0.014567184,1
2185,G024,G031,0.014567173,1
2186,G032,G001,0.0145671675,1
2187,G005,G023,0.014566777,1
2188,G027,G006,0.014566754,1
2189,G006,G003,0.014566718,1
2190,G037,G028,0.014566715,1
2191,G023,G032,0.014566699,1
2192,G015,G032,0.014566315,1
2193,G005,G050,0.014566299,1
2194,G015,G021,0.0145659335,1
2195,G036,G038,0.014565885,1
2196,G050,G030,0.014565826,1
2197,G038,G030,0.014565791,1
2198,G003,G014,0.01456565,1
2199,G026,G006,0.014565644,1
2200,G044,G028,0.014565639,1
2201,G003,G026,0.014565563,1
2202,G019,G006,0.014565561,1
2203,G047,G024,0.014565472,1
2204,G035,G010,0.014565359,1
2205,G005,G030,0.014565308,1
2206,G012,G023,0.014565215,1
2207,G036,G021,0.014565098,1
2208,G034,G014,0.014564948,1
2209,G014,G037,0.014564842,1
2210,G011,G007,0.014564696,1
2211,G007,G006,0.014564325,1
2212,G022,G050,0.014564279,1
2213,G032,G007,0.014564256,1
2214,G021,G039,0.014564191,1
2215,G032,G005,0.014563955,1
2216,G047,G033,0.014563892,1
2217,G033,G048,0.0145638045,1
2218,G040,G039,0.014563579,1
2219,G039,G006,0.014563159,1
2220,G027,G020,0.014562911,1
2221,G018,G027,0.014562907,1
2222,G043,G046,0.014562853,1
2223,G033,G013,0.014562819,1
2224,G026,G048,0.014562607,1
2225,G008,G041,0.01456253,1
2226,G029,G045,0.014562524,1
2227,G020,G049,0.014562495,1
2228,G026,G008,0.014562419,1
2229,G020,G036,0.014562399,1
2230,G045,G032,0.014562395,1
2231,G042,G050,0.014561977,1
2232,G033,G003,0.014561975,1
2233,G035,G032,0.014561969,1
2234,G028,G029,0.014561732,1
2235,G021,G036,0.014561603,1
2236,G003,G013,0.014561447,1
2237,G001,G007,0.014561404,1
2238,G017,G047,0.014561385,1
2239,G047,G025,0.01456138,1
2240,G022,G047,0.01456133,1
2241,G043,G026,0.014561308,1
2242,G041,G034,0.0145610925,1
2243,G010,G030,0.014560919,1
2244,G002,G018,0.014560652,1
2245,G020,G034,0.014560609,1
2246,G006,G039,0.014560604,1
2247,G010,G016,0.014560592,1
2248,G047,G031,0.014560515,1
2249,G011,G043,0.014560265,1
2250,G006,G040,0.014560262,1
2251,G009,G018,0.014560086,1
2252,G027,G024,0.014560032,1
2253,G045,G029,0.014559639,1
2254,G045,G011,0.014559556,1
2255,G045,G033,0.014559542,1
2256,G004,G021,0.014559467,1
2257,G012,G033,0.0145593695,1
2258,G005,G022,0.014559189,1
2259,G027,G012,0.014559145,1
2260,G033,G017,0.014559073,1
2261,G034,G010,0.014559022,1
2262,G024,G027,0.0145590175,1
2263,G045,G012,0.014558909,1
2264,G035,G024,0.014558732,1
2265,G002,G030,0.014558669,1
2266,G042,G040,0.014558641,1
2267,G031,G043,0.014558473,1
2268,G008,G018,0.014558311,1
2269,G002,G034,0.014558152,1
2270,G004,G040,0.014558151,1
2271,G049,G001,0.014558078,1
2272,G049,G023,0.01455797,1
2273,G038,G031,0.014557873,1
2274,G022,G015,0.014557729,1
2275,G033,G035,0.014557698,1
2276,G002,G001,0.014557642,1
2277,G008,G040,0.01455763,1
2278,G008,G017,0.0145576,1
2279,G047,G021,0.014557578,1
2280,G046,G045,0.014557577,1
2281,G039,G012,0.014557557,1
2282,G044,G024,0.014557377,1
2283,G042,G015,0.014557157,1
2284,G041,G023,0.01455713,1
2285,G012,G045,0.014557086,1
2286,G050,G039,0.014557041,1
2287,G008,G022,0.014557014,1
2288,G024,G032,0.014556304,1
2289,G040,G022,0.01455629,1
2290,G040,G044,0.014556252,1
2291,G045,G004,0.014556172,1
2292,G004,G016,0.014556135,1
2293,G010,G014,0.014556121,1
2294,G039,G001,0.014556041,1
2295,G023,G004,0.014555936,1
2296,G014,G034,0.014555709,1
2297,G047,G048,0.014555706,1
2298,G010,G019,0.014555668,1
2299,G020,G021,0.014555655,1
2300,G023,G042,0.014555554,1
2301,G033,G036,0.0145554785,1
2302,G005,G024,0.01455546,1
2303,G035,G004,0.014555373,1
2304,G036,G012,0.014555104,1
2305,G047,G039,0.014555088,1
2306,G050,G019,0.014555071,1
2307,G012,G030,0.014555041,1
2308,G037,G030,0.0145549355,1
2309,G013,G014,0.014554895,1
2310,G001,G004,0.014554878,1
2311,G043,G022,0.014554846,1
2312,G019,G022,0.014554801,1
2313,G019,G021,0.014554732,1
2314,G031,G028,0.014554575,1
2315,G042,G049,0.014554438,1
2316,G006,G050,0.014554382,1
2317,G024,G038,0.014554355,1
2318,G042,G043,0.014554343,1
2319,G027,G030,0.014554338,1
2320,G030,G001,0.014554154,1
2321,G025,G006,0.014553994,1
2322,G037,G049,0.014553637,1
2323,G034,G001,0.014553559,1
2324,G017,G029,0.014553551,1
2325,G032,G040,0.014553545,1
2326,G026,G004,0.014553441,1
2327,G001,G035,0.014553254,1
2328,G019,G039,0.014553126,1
2329,G038,G008,0.014552958,1
2330,G027,G031,0.014552957,1
2331,G035,G017,0.01455289,1
2332,G016,G022,0.014552838,1
2333,G039,G032,0.014552751,1
2334,G025,G015,0.014552581,1
2335,G005,G045,0.014552448,1
2336,G030,G035,0.014552423,1
2337,G033,G034,0.014552199,1
2338,G046,G017,0.014552015,1
2339,G037,G015,0.014551932,1
2340,G049,G035,0.014551705,1
2341,G012,G013,0.014551598,1
2342,G003,G001,0.014551541,1
2343,G006,G017,0.014551068,1
2344,G017,G035,0.014550938,1
2345,G033,G001,0.014550754,1
2346,G004,G046,0.014550641,1
2347,G014,G008,0.014550262,1
2348,G008,G023,0.014550195,1
2349,G041,G016,0.014550177,1
2350,G042,G004,0.014550128,1
2351,G030,G041,0.014550117,1
2352,G039,G023,0.014550115,1
2353,G025,G019,0.014550025,1
2354,G025,G045,0.014549635,1
2355,G027,G015,0.014549578,1
2356,G020,G045,0.014549568,1
2357,G025,G033,0.01454953,1
2358,G006,G046,0.014549414,1
2359,G016,G007,0.014549382,1
2360,G041,G006,0.014549273,1
2361,G050,G028,0.01454878,1
2362,G040,G041,0.014548643,1
2363,G037,G045,0.014548626,1
2364,G004,G003,0.014548474,1
2365,G050,G021,0.014548403,1
2366,G015,G012,0.014548183,1
2367,G043,G001,0.014548138,1
2368,G049,G031,0.0145479785,1
2369,G027,G019,0.014547382,1
2370,G034,G017,0.014547359,1
2371,G011,G035,0.014547342,1
2372,G014,G041,0.0145472,1
2373,G030,G033,0.014547099,1
2374,G048,G007,0.014546937,1
2375,G021,G034,0.014546616,1
2376,G023,G006,0.014546327,1
2377,G047,G026,0.014546239,1
2378,G034,G015,0.0145462295,1
2379,G012,G043,0.014546166,1
2380,G003,G016,0.014546062,1
2381,G021,G037,0.0145453755,1
2382,G018,G017,0.014545342,1
2383,G022,G008,0.014545266,1
2384,G050,G044,0.014545251,1
2385,G034,G039,0.01454513,1
2386,G045,G006,0.0145451,1
2387,G017,G028,0.014545069,1
2388,G021,G011,0.014544813,1
2389,G016,G039,0.014544773,1
2390,G001,G017,0.014544292,1
2391,G017,G026,0.014544039,1
2392,G007,G014,0.014543863,1
2393,G032,G012,0.014543804,1
2394,G031,G026,0.014543598,1
2395,G016,G013,0.014543546,1
2396,G024,G030,0.014543495,1
2397,G010,G042,0.01454311,1
2398,G045,G001,0.014543087,1
2399,G004,G012,0.014543083,1
2400,G036,G017,0.014543005,1
2401,G026,G043,0.014542988,1
2402,G022,G045,0.01454292,1
2403,G023,G048,0.014542839,1
2404,G024,G049,0.014542441,1
2405,G030,G012,0.014542395,1
2406,G032,G031,0.014541895,1
2407,G049,G008,0.014541404,1
2408,G041,G022,0.014541376,1
2409,G028,G038,0.014541295,1
2410,G014,G016,0.014541053,1
2411,G001,G046,0.014540871,1
2412,G023,G008,0.014540771,1
2413,G044,G026,0.014540709,1
2414,G041,G039,0.014540385,1
2415,G005,G014,0.014540359,1
2416,G005,G039,0.014540208,1
2417,G028,G016,0.014540175,1
2418,G017,G022,0.014539557,1
2419,G026,G049,0.014539472,1
2420,G023,G038,0.014539268,1
2421,G030,G032,0.014539104,1
2422,G046,G032,0.01453841,1
2423,G010,G018,0.014537719,1
2424,G001,G028,0.014537172,1
2425,G041,G044,0.014537083,1
2426,G030,G038,0.014536822,1
2427,G008,G028,0.0145368185,1
2428,G040,G016,0.01453627,1
2429,G046,G014,0.014536152,1
2430,G017,G007,0.014536043,1
2431,G017,G014,0.014535582,1
2432,G016,G030,0.014535112,1
2433,G016,G012,0.014535092,1
2434,G043,G018,0.014534957,1
2435,G041,G049,0.014533785,1
2436,G012,G007,0.014532476,1
2437,G032,G016,0.01453148,1
2438,G016,G043,0.014529235,1
2439,G023,G022,0.014527916,1
2440,G005,G007,0.01452768,1
2441,G032,G017,0.014527565,1
2442,G022,G049,0.014527299,1
2443,G008,G012,0.014526836,1
2444,G046,G049,0.01452578,1
2445,G028,G023,0.014523718,1
2446,G008,G016,0.014522145,1
2447,G022,G014,0.014521452,1
2448,G022,G023,0.014521067,1
2449,G030,G007,0.014520945,1
2450,G016,G017,0.014520589,1
