TF	Target	EdgeWeight
G012	G011	2.5611856e-05
G020	G028	2.4364397e-05
G009	G008	2.346238e-05
G028	G044	2.2935452e-05
G008	G034	2.245657e-05
G040	G029	2.2331833e-05
G020	G005	2.2294555e-05
G049	G007	2.1897778e-05
G008	G009	2.1658485e-05
G018	G048	2.1626804e-05
G036	G001	2.1622865e-05
G050	G033	2.1522677e-05
G020	G007	2.1422518e-05
G039	G047	2.1400032e-05
G038	G047	2.1365797e-05
G042	G010	2.1241727e-05
G043	G040	2.1112524e-05
G023	G042	2.0856276e-05
G045	G014	2.0811018e-05
G043	G014	2.0775451e-05
G001	G041	2.0762287e-05
G011	G043	2.0741882e-05
G021	G016	2.0650055e-05
G005	G041	2.0616884e-05
G034	G023	2.0574224e-05
G021	G005	2.0568228e-05
G035	G025	2.0551988e-05
G014	G020	2.0509004e-05
G045	G041	2.0487365e-05
G024	G004	2.0438258e-05
G049	G029	2.043185e-05
G007	G032	2.0259627e-05
G032	G002	2.0249025e-05
G002	G025	2.0242207e-05
G037	G015	2.0229665e-05
G007	G041	2.0224892e-05
G048	G023	2.0209023e-05
G034	G041	2.0208096e-05
G045	G049	2.0191283e-05
G007	G003	2.0143261e-05
G017	G050	2.0135925e-05
G035	G019	2.0103267e-05
G003	G004	2.010201e-05
G042	G018	2.0053723e-05
G026	G021	1.9996729e-05
G001	G004	1.9964595e-05
G043	G049	1.9953133e-05
G036	G029	1.994912e-05
G021	G048	1.9944004e-05
G031	G001	1.993065e-05
G006	G025	1.9923384e-05
G024	G036	1.9802575e-05
G022	G007	1.9769426e-05
G017	G012	1.9726544e-05
G036	G013	1.9715522e-05
G032	G016	1.9699415e-05
G003	G013	1.9679554e-05
G014	G028	1.9678e-05
G048	G039	1.9658455e-05
G003	G050	1.9655075e-05
G016	G034	1.962352e-05
G015	G039	1.9582001e-05
G033	G015	1.9454576e-05
G002	G022	1.9361243e-05
G043	G028	1.9351877e-05
G033	G009	1.9337434e-05
G010	G047	1.9299318e-05
G039	G040	1.9273592e-05
G005	G046	1.926996e-05
G004	G048	1.9257604e-05
G006	G041	1.9217614e-05
G043	G016	1.9193882e-05
G009	G043	1.9190893e-05
G040	G018	1.9184123e-05
G020	G001	1.9182e-05
G038	G045	1.9161631e-05
G026	G003	1.9128294e-05
G023	G032	1.9120858e-05
G032	G045	1.9113304e-05
G003	G041	1.8979617e-05
G004	G028	1.8895493e-05
G030	G013	1.8875211e-05
G032	G023	1.8845789e-05
G039	G008	1.8844614e-05
G010	G018	1.8814497e-05
G033	G013	1.8779567e-05
G006	G003	1.8757883e-05
G032	G035	1.8750497e-05
G032	G025	1.874527e-05
G031	G002	1.8720331e-05
G045	G011	1.8712872e-05
G021	G019	1.8711104e-05
G027	G008	1.8674757e-05
G025	G009	1.8647359e-05
G025	G011	1.8621904e-05
G042	G038	1.8621431e-05
G037	G004	1.856105e-05
G007	G023	1.8536166e-05
G026	G035	1.853454e-05
G007	G031	1.8467388e-05
G027	G025	1.8452205e-05
G031	G033	1.8366167e-05
G038	G044	1.833498e-05
G002	G020	1.8323488e-05
G050	G048	1.8318487e-05
G002	G014	1.829785e-05
G007	G047	1.8293431e-05
G009	G031	1.828632e-05
G040	G008	1.8272487e-05
G020	G002	1.819106e-05
G047	G007	1.8179768e-05
G050	G037	1.8173787e-05
G027	G034	1.8121706e-05
G020	G048	1.8099903e-05
G024	G012	1.8088513e-05
G035	G012	1.8059107e-05
G005	G016	1.8031978e-05
G039	G005	1.7965267e-05
G009	G035	1.7950302e-05
G034	G003	1.7923428e-05
G001	G050	1.7918608e-05
G030	G039	1.7881228e-05
G034	G039	1.7880753e-05
G007	G034	1.7875836e-05
G030	G001	1.7874345e-05
G030	G035	1.7869359e-05
G007	G013	1.785748e-05
G022	G035	1.785379e-05
G047	G024	1.7851886e-05
G043	G029	1.7845276e-05
G019	G030	1.7824323e-05
G040	G006	1.775235e-05
G038	G004	1.7750659e-05
G037	G034	1.7746384e-05
G046	G004	1.7709366e-05
G016	G006	1.7697388e-05
G015	G018	1.7695176e-05
G044	G047	1.7690465e-05
G012	G008	1.7673416e-05
G035	G044	1.7649138e-05
G036	G044	1.7646857e-05
G001	G045	1.7627968e-05
G033	G003	1.7580905e-05
G010	G041	1.7560125e-05
G005	G006	1.755171e-05
G016	G013	1.7535773e-05
G021	G027	1.7524308e-05
G045	G016	1.7523167e-05
G015	G010	1.7474618e-05
G044	G012	1.7465143e-05
G024	G048	1.7454617e-05
G049	G025	1.7437049e-05
G040	G033	1.7429855e-05
G037	G017	1.7417968e-05
G004	G024	1.7391529e-05
G006	G007	1.7377835e-05
G029	G017	1.7366005e-05
G002	G021	1.7358543e-05
G040	G023	1.73329e-05
G032	G042	1.7323135e-05
G042	G024	1.7312084e-05
G022	G001	1.7283939e-05
G018	G015	1.7232824e-05
G025	G013	1.7226275e-05
G031	G032	1.7164979e-05
G005	G015	1.7154867e-05
G041	G014	1.7148006e-05
G029	G036	1.7102995e-05
G018	G008	1.708033e-05
G019	G046	1.7076909e-05
G001	G049	1.7073206e-05
G017	G007	1.7056245e-05
G041	G001	1.7045204e-05
G041	G027	1.7024935e-05
G001	G003	1.6983307e-05
G043	G012	1.6964139e-05
G017	G025	1.6939064e-05
G049	G010	1.6937316e-05
G005	G049	1.6881088e-05
G033	G010	1.686524e-05
G014	G035	1.6857966e-05
G045	G042	1.6839767e-05
G004	G037	1.683129e-05
G014	G026	1.6788403e-05
G035	G038	1.6775444e-05
G015	G049	1.6755654e-05
G013	G044	1.6744523e-05
G046	G007	1.6733386e-05
G049	G018	1.6714932e-05
G037	G048	1.6696355e-05
G041	G018	1.6695854e-05
G030	G005	1.6681106e-05
G011	G015	1.6665832e-05
G038	G001	1.6665414e-05
G039	G002	1.6645725e-05
G008	G019	1.664348e-05
G049	G005	1.6594515e-05
G007	G050	1.6557677e-05
G047	G038	1.6547754e-05
G031	G015	1.6524034e-05
G030	G028	1.6523518e-05
G036	G023	1.652106e-05
G017	G004	1.6500928e-05
G024	G002	1.649858e-05
G027	G005	1.6460313e-05
G022	G017	1.6433614e-05
G024	G010	1.6429321e-05
G029	G023	1.641428e-05
G013	G016	1.6375649e-05
G024	G032	1.6363592e-05
G010	G008	1.62969e-05
G048	G033	1.6248454e-05
G048	G003	1.623845e-05
G026	G013	1.622959e-05
G034	G029	1.6214852e-05
G045	G022	1.6198219e-05
G018	G003	1.6196547e-05
G031	G046	1.61917e-05
G023	G022	1.6172336e-05
G046	G048	1.6168196e-05
G032	G030	1.614278e-05
G003	G044	1.6100796e-05
G044	G009	1.6076294e-05
G035	G050	1.6065384e-05
G050	G047	1.6062386e-05
G010	G005	1.6042537e-05
G008	G041	1.603365e-05
G035	G013	1.6004406e-05
G027	G002	1.5960131e-05
G041	G017	1.5938369e-05
G019	G017	1.5911583e-05
G005	G003	1.5876369e-05
G006	G024	1.5838938e-05
G025	G004	1.5832058e-05
G021	G010	1.5823163e-05
G019	G008	1.5799815e-05
G031	G016	1.5785374e-05
G015	G044	1.5753214e-05
G049	G009	1.5691601e-05
G023	G048	1.5677686e-05
G043	G026	1.5677608e-05
G002	G010	1.5670586e-05
G023	G028	1.5648873e-05
G043	G034	1.5641921e-05
G015	G017	1.5632073e-05
G031	G013	1.5628806e-05
G039	G013	1.5614954e-05
G027	G001	1.5609185e-05
G041	G019	1.5560367e-05
G029	G001	1.552553e-05
G007	G018	1.5467816e-05
G035	G036	1.541876e-05
G019	G041	1.5406184e-05
G035	G008	1.5387235e-05
G042	G047	1.5380865e-05
G017	G047	1.5361515e-05
G002	G018	1.5336804e-05
G043	G005	1.5334184e-05
G032	G047	1.5329164e-05
G005	G050	1.5321613e-05
G013	G036	1.5285497e-05
G050	G003	1.5282378e-05
G011	G003	1.5274069e-05
G018	G043	1.52542525e-05
G032	G021	1.523606e-05
G021	G026	1.5233385e-05
G013	G029	1.5226953e-05
G024	G022	1.5224579e-05
G047	G045	1.5201028e-05
G018	G046	1.5145953e-05
G037	G012	1.5129944e-05
G043	G041	1.5122133e-05
G039	G007	1.5090183e-05
G017	G028	1.5084456e-05
G006	G004	1.5083671e-05
G037	G019	1.5049213e-05
G039	G045	1.5041955e-05
G010	G007	1.50027445e-05
G046	G006	1.4998737e-05
G046	G013	1.49699945e-05
G016	G036	1.49396365e-05
G046	G026	1.4936657e-05
G014	G012	1.492612e-05
G019	G050	1.4916459e-05
G001	G043	1.4889687e-05
G020	G042	1.48845065e-05
G045	G010	1.4878698e-05
G030	G010	1.4872062e-05
G006	G031	1.4851895e-05
G013	G002	1.4844109e-05
G008	G042	1.4834816e-05
G039	G016	1.4832194e-05
G048	G041	1.4734463e-05
G015	G033	1.4682338e-05
G006	G010	1.46805805e-05
G021	G046	1.4679728e-05
G016	G048	1.4659661e-05
G040	G005	1.4658733e-05
G021	G028	1.4647627e-05
G020	G047	1.4575497e-05
G035	G014	1.4573847e-05
G025	G050	1.4533139e-05
G048	G029	1.4512994e-05
G032	G010	1.4512557e-05
G017	G032	1.445402e-05
G023	G007	1.4435436e-05
G035	G031	1.4411854e-05
G017	G001	1.4385419e-05
G011	G041	1.4380325e-05
G049	G004	1.4356363e-05
G041	G037	1.4327585e-05
G013	G003	1.4316337e-05
G021	G042	1.4295593e-05
G008	G031	1.4293456e-05
G012	G039	1.427901e-05
G018	G016	1.427137e-05
G004	G042	1.4269342e-05
G007	G021	1.42532435e-05
G050	G007	1.424381e-05
G016	G049	1.4235956e-05
G031	G029	1.41928585e-05
G030	G015	1.4184703e-05
G030	G033	1.4181534e-05
G019	G001	1.4178636e-05
G021	G011	1.4171471e-05
G006	G022	1.4168606e-05
G040	G028	1.4168134e-05
G009	G022	1.4165904e-05
G006	G045	1.4120304e-05
G037	G030	1.4108338e-05
G007	G004	1.4021511e-05
G043	G042	1.4016349e-05
G037	G023	1.4013237e-05
G030	G047	1.4001594e-05
G018	G017	1.3985804e-05
G012	G018	1.3984088e-05
G050	G018	1.3974035e-05
G036	G021	1.3967435e-05
G047	G005	1.3960702e-05
G015	G048	1.3943952e-05
G029	G040	1.3939106e-05
G015	G011	1.391144e-05
G035	G011	1.3893252e-05
G020	G010	1.3888624e-05
G013	G033	1.3884966e-05
G045	G035	1.388297e-05
G032	G005	1.3863159e-05
G043	G032	1.3860273e-05
G012	G001	1.3850647e-05
G023	G010	1.38387e-05
G031	G017	1.3817015e-05
G049	G015	1.381674e-05
G034	G040	1.3795072e-05
G015	G046	1.3785837e-05
G010	G011	1.378235e-05
G026	G018	1.3773402e-05
G001	G047	1.376033e-05
G045	G040	1.3751367e-05
G021	G030	1.3740869e-05
G043	G047	1.373657e-05
G031	G026	1.37043435e-05
G003	G033	1.36863455e-05
G014	G009	1.368237e-05
G038	G048	1.3677003e-05
G006	G015	1.3634815e-05
G043	G033	1.3609589e-05
G038	G039	1.3597737e-05
G028	G050	1.3473513e-05
G049	G035	1.3424579e-05
G031	G009	1.3419226e-05
G042	G050	1.34120755e-05
G033	G043	1.3352087e-05
G014	G002	1.3328893e-05
G006	G008	1.3323646e-05
G015	G035	1.3283581e-05
G020	G044	1.3249511e-05
G029	G027	1.3245e-05
G043	G044	1.3213578e-05
G010	G004	1.3211285e-05
G047	G004	1.3191812e-05
G050	G002	1.3177137e-05
G040	G047	1.3131971e-05
G006	G044	1.3075999e-05
G026	G043	1.3075866e-05
G029	G020	1.3069305e-05
G047	G028	1.3031711e-05
G015	G023	1.3029641e-05
G038	G028	1.3028574e-05
G037	G021	1.3026894e-05
G004	G009	1.3018239e-05
G013	G037	1.3014375e-05
G046	G002	1.3011979e-05
G004	G021	1.3009326e-05
G016	G002	1.30071385e-05
G005	G035	1.2993293e-05
G036	G018	1.2991792e-05
G029	G007	1.2984032e-05
G042	G034	1.298137e-05
G014	G018	1.2970768e-05
G045	G047	1.2954682e-05
G014	G006	1.2853348e-05
G029	G026	1.2844929e-05
G045	G027	1.2843387e-05
G043	G010	1.2839771e-05
G029	G004	1.2832537e-05
G038	G037	1.2828371e-05
G009	G025	1.282102e-05
G003	G015	1.2800154e-05
G049	G028	1.278864e-05
G048	G047	1.2781442e-05
G046	G035	1.2733212e-05
G047	G034	1.2725777e-05
G046	G041	1.2716996e-05
G010	G006	1.2714001e-05
G017	G010	1.2702353e-05
G018	G047	1.2702025e-05
G039	G036	1.2654691e-05
G045	G009	1.2646278e-05
G032	G004	1.2632975e-05
G021	G050	1.2612958e-05
G014	G010	1.2600671e-05
G005	G007	1.2566149e-05
G036	G008	1.256412e-05
G018	G014	1.2552352e-05
G041	G038	1.2535199e-05
G025	G016	1.2497948e-05
G025	G007	1.2496945e-05
G035	G024	1.24862e-05
G022	G037	1.2479752e-05
G043	G030	1.2468076e-05
G030	G008	1.2457178e-05
G012	G005	1.2436302e-05
G023	G039	1.2403483e-05
G042	G049	1.2389629e-05
G003	G036	1.2385479e-05
G008	G026	1.2363335e-05
G010	G026	1.2343883e-05
G009	G001	1.2310231e-05
G044	G037	1.2296013e-05
G003	G026	1.22913325e-05
G048	G049	1.2269617e-05
G043	G039	1.2266975e-05
G015	G019	1.22581405e-05
G021	G003	1.2250543e-05
G001	G018	1.2236735e-05
G009	G019	1.2227818e-05
G041	G040	1.2216987e-05
G029	G045	1.2216355e-05
G003	G043	1.2204359e-05
G041	G025	1.2192654e-05
G023	G043	1.2158635e-05
G004	G026	1.2115195e-05
G040	G024	1.206987e-05
G019	G016	1.2068846e-05
G023	G047	1.2049478e-05
G020	G008	1.2045172e-05
G039	G018	1.2009397e-05
G017	G022	1.2004934e-05
G028	G011	1.1959968e-05
G041	G050	1.1942118e-05
G047	G018	1.1936813e-05
G022	G026	1.19363085e-05
G020	G041	1.1929725e-05
G003	G014	1.1923691e-05
G030	G034	1.1908529e-05
G022	G033	1.1908246e-05
G016	G012	1.1821217e-05
G044	G040	1.1810994e-05
G019	G049	1.180114e-05
G003	G030	1.179097e-05
G048	G015	1.1759473e-05
G028	G012	1.1746808e-05
G043	G006	1.1738276e-05
G048	G044	1.1731518e-05
G027	G030	1.1715434e-05
G046	G023	1.16569245e-05
G034	G018	1.165432e-05
G047	G006	1.1647387e-05
G046	G031	1.1638613e-05
G030	G025	1.1636521e-05
G031	G044	1.1628183e-05
G001	G030	1.15852035e-05
G015	G001	1.1578919e-05
G003	G048	1.1556971e-05
G019	G033	1.1546656e-05
G049	G042	1.1529339e-05
G027	G004	1.1523794e-05
G043	G021	1.15161365e-05
G048	G035	1.149901e-05
G046	G020	1.1491862e-05
G044	G022	1.1486639e-05
G031	G014	1.1468744e-05
G033	G001	1.1463519e-05
G008	G003	1.1417629e-05
G014	G033	1.1397304e-05
G034	G021	1.1366262e-05
G026	G024	1.1337685e-05
G011	G033	1.1313822e-05
G006	G020	1.13018195e-05
G024	G047	1.1256268e-05
G005	G030	1.1230952e-05
G008	G039	1.121005e-05
G016	G038	1.1163201e-05
G023	G044	1.1139189e-05
G033	G022	1.1117684e-05
G017	G038	1.111735e-05
G025	G006	1.1112141e-05
G008	G035	1.1101328e-05
G013	G043	1.1086975e-05
G001	G033	1.10736155e-05
G022	G004	1.1066004e-05
G029	G022	1.1053034e-05
G049	G043	1.104643e-05
G009	G041	1.1011728e-05
G008	G013	1.0992616e-05
G014	G024	1.09308085e-05
G037	G042	1.0916274e-05
G034	G045	1.08973245e-05
G045	G044	1.0888398e-05
G025	G018	1.0883948e-05
G001	G032	1.0873073e-05
G033	G039	1.0859757e-05
G018	G023	1.0846755e-05
G009	G047	1.0826731e-05
G001	G008	1.0810114e-05
G012	G019	1.081007e-05
G005	G043	1.0800012e-05
G004	G041	1.0751714e-05
G013	G046	1.0726602e-05
G025	G036	1.0717429e-05
G026	G005	1.0690363e-05
G030	G027	1.06847065e-05
G003	G025	1.0676904e-05
G047	G036	1.0672316e-05
G040	G002	1.06707375e-05
G026	G023	1.0647893e-05
G010	G021	1.0629367e-05
G049	G002	1.0564502e-05
G025	G021	1.0559006e-05
G025	G029	1.0555493e-05
G028	G006	1.0543783e-05
G027	G023	1.0512218e-05
G019	G007	1.05106155e-05
G039	G024	1.0486494e-05
G005	G009	1.0475971e-05
G014	G003	1.0460998e-05
G027	G039	1.0407778e-05
G038	G036	1.0397888e-05
G011	G025	1.0387273e-05
G010	G040	1.0370339e-05
G046	G037	1.0345081e-05
G019	G034	1.0334102e-05
G030	G017	1.030285e-05
G031	G018	1.02999e-05
G044	G014	1.0223448e-05
G032	G027	1.0212692e-05
G008	G028	1.02089925e-05
G003	G028	1.0200213e-05
G002	G006	1.0197335e-05
G007	G010	1.01684755e-05
G008	G004	1.0151891e-05
G008	G040	1.0126457e-05
G022	G025	1.0102298e-05
G021	G049	1.009588e-05
G002	G019	1.0085287e-05
G028	G004	1.0074571e-05
G001	G015	1.0074527e-05
G043	G017	1.0074041e-05
G003	G020	1.0073047e-05
G027	G018	1.0071016e-05
G009	G020	1.0067726e-05
G010	G027	1.0028201e-05
G010	G038	1.0020987e-05
G007	G048	9.999403e-06
G024	G042	9.998898e-06
G042	G002	9.992161e-06
G036	G028	9.976222e-06
G016	G044	9.972239e-06
G026	G020	9.966165e-06
G050	G049	9.951575e-06
G013	G042	9.935908e-06
G043	G027	9.923805e-06
G018	G040	9.921679e-06
G002	G042	9.906425e-06
G046	G016	9.887814e-06
G008	G018	9.871135e-06
G030	G016	9.8451055e-06
G017	G002	9.84099e-06
G011	G021	9.811773e-06
G009	G032	9.7775655e-06
G002	G029	9.7726515e-06
G003	G007	9.720643e-06
G012	G026	9.716033e-06
G001	G028	9.707975e-06
G035	G040	9.699259e-06
G014	G013	9.68512e-06
G037	G047	9.624923e-06
G030	G026	9.613063e-06
G020	G013	9.602513e-06
G033	G016	9.585265e-06
G037	G016	9.577764e-06
G043	G022	9.569174e-06
G039	G011	9.545542e-06
G042	G029	9.541222e-06
G034	G038	9.532489e-06
G036	G042	9.531183e-06
G013	G014	9.524809e-06
G017	G039	9.509191e-06
G010	G045	9.4783745e-06
G010	G046	9.461444e-06
G033	G011	9.416126e-06
G015	G009	9.397594e-06
G038	G015	9.393525e-06
G028	G038	9.38341e-06
G026	G029	9.3644185e-06
G050	G035	9.361457e-06
G026	G047	9.359609e-06
G009	G034	9.327052e-06
G049	G034	9.3232e-06
G035	G021	9.320827e-06
G027	G026	9.319839e-06
G018	G042	9.313625e-06
G042	G036	9.301881e-06
G022	G048	9.2907385e-06
G012	G043	9.283011e-06
G002	G037	9.2743685e-06
G050	G014	9.273962e-06
G036	G015	9.252267e-06
G021	G045	9.199652e-06
G022	G010	9.19781e-06
G023	G027	9.183724e-06
G043	G015	9.1748025e-06
G029	G039	9.171227e-06
G037	G002	9.128636e-06
G003	G002	9.082031e-06
G024	G041	9.029514e-06
G008	G022	9.021378e-06
G022	G005	9.0156655e-06
G038	G049	8.991205e-06
G021	G009	8.95915e-06
G016	G029	8.95497e-06
G026	G016	8.945118e-06
G001	G044	8.903089e-06
G011	G032	8.885788e-06
G014	G050	8.877981e-06
G041	G010	8.870456e-06
G028	G015	8.86454e-06
G020	G031	8.8115e-06
G011	G039	8.797798e-06
G048	G030	8.7818535e-06
G050	G036	8.737853e-06
G032	G017	8.7333565e-06
G048	G016	8.729759e-06
G001	G031	8.72869e-06
G049	G022	8.708941e-06
G036	G035	8.708402e-06
G015	G027	8.68931e-06
G018	G049	8.687626e-06
G031	G049	8.686438e-06
G012	G030	8.680617e-06
G010	G031	8.634567e-06
G042	G011	8.623591e-06
G040	G048	8.61509e-06
G001	G007	8.59049e-06
G033	G034	8.5785305e-06
G008	G005	8.574004e-06
G003	G001	8.563017e-06
G022	G043	8.508513e-06
G030	G020	8.506566e-06
G045	G024	8.470641e-06
G028	G025	8.465816e-06
G023	G003	8.442502e-06
G038	G014	8.438692e-06
G024	G045	8.427481e-06
G021	G004	8.426232e-06
G017	G009	8.398888e-06
G021	G014	8.396532e-06
G016	G008	8.391388e-06
G045	G028	8.379785e-06
G022	G016	8.375542e-06
G003	G029	8.36472e-06
G007	G035	8.354831e-06
G039	G049	8.34282e-06
G039	G010	8.323354e-06
G019	G042	8.279393e-06
G040	G037	8.25939e-06
G006	G043	8.243598e-06
G025	G019	8.239918e-06
G044	G010	8.229319e-06
G010	G009	8.219965e-06
G017	G045	8.198341e-06
G012	G025	8.171306e-06
G008	G017	8.149336e-06
G026	G012	8.12736e-06
G014	G047	8.122537e-06
G015	G031	8.121182e-06
G050	G016	8.102233e-06
G035	G045	8.095941e-06
G007	G005	8.088877e-06
G012	G046	8.059348e-06
G010	G020	8.047025e-06
G031	G030	7.968804e-06
G036	G034	7.929874e-06
G024	G040	7.922712e-06
G002	G001	7.878683e-06
G026	G050	7.865876e-06
G005	G001	7.83159e-06
G036	G043	7.823367e-06
G045	G005	7.787516e-06
G016	G042	7.772523e-06
G020	G032	7.760451e-06
G002	G026	7.721723e-06
G041	G044	7.690472e-06
G003	G046	7.653936e-06
G031	G011	7.650776e-06
G007	G045	7.640604e-06
G025	G038	7.6189253e-06
G027	G012	7.6179285e-06
G044	G042	7.61296e-06
G038	G042	7.605815e-06
G007	G046	7.6039687e-06
G032	G001	7.598382e-06
G036	G005	7.566693e-06
G035	G037	7.547162e-06
G044	G048	7.54208e-06
G019	G037	7.5291046e-06
G040	G017	7.500214e-06
G025	G005	7.4478035e-06
G023	G049	7.443472e-06
G044	G017	7.430031e-06
G047	G001	7.4192712e-06
G033	G040	7.406427e-06
G040	G032	7.382378e-06
G004	G029	7.376227e-06
G027	G046	7.376131e-06
G009	G006	7.3602023e-06
G004	G010	7.3553742e-06
G009	G026	7.327945e-06
G041	G023	7.32209e-06
G046	G005	7.315989e-06
G028	G049	7.2804073e-06
G002	G030	7.2671896e-06
G013	G031	7.2574953e-06
G049	G001	7.2546036e-06
G028	G041	7.241076e-06
G015	G014	7.237564e-06
G022	G008	7.209739e-06
G046	G019	7.199119e-06
G005	G024	7.1769246e-06
G020	G049	7.162049e-06
G001	G037	7.1534014e-06
G027	G037	7.151322e-06
G047	G013	7.1261857e-06
G007	G036	7.097946e-06
G013	G007	7.0952956e-06
G004	G035	7.0841897e-06
G032	G014	7.077672e-06
G036	G017	7.077534e-06
G012	G010	7.0732835e-06
G032	G011	7.0604865e-06
G044	G011	7.0447086e-06
G031	G022	7.0303627e-06
G017	G035	7.0232268e-06
G017	G011	6.975293e-06
G020	G045	6.964314e-06
G002	G004	6.955049e-06
G041	G042	6.926443e-06
G009	G010	6.9103994e-06
G015	G042	6.909621e-06
G027	G036	6.906727e-06
G028	G020	6.8974873e-06
G016	G010	6.8933014e-06
G040	G021	6.8715585e-06
G006	G012	6.8041027e-06
G050	G046	6.8037943e-06
G016	G015	6.7999754e-06
G038	G035	6.7914966e-06
G027	G031	6.7910855e-06
G032	G012	6.773338e-06
G012	G020	6.763604e-06
G001	G038	6.749777e-06
G001	G014	6.7163623e-06
G020	G021	6.7124483e-06
G034	G044	6.706632e-06
G025	G041	6.6884218e-06
G043	G023	6.676114e-06
G025	G031	6.671779e-06
G038	G019	6.655983e-06
G046	G024	6.6318858e-06
G045	G037	6.6273105e-06
G034	G022	6.6189714e-06
G019	G048	6.5735144e-06
G013	G008	6.5642575e-06
G036	G020	6.557612e-06
G027	G019	6.5219133e-06
G020	G038	6.4832375e-06
G026	G011	6.4822934e-06
G017	G029	6.4797696e-06
G003	G032	6.4607443e-06
G044	G005	6.425618e-06
G017	G018	6.4244055e-06
G015	G006	6.408683e-06
G007	G008	6.3690654e-06
G039	G032	6.362195e-06
G050	G015	6.3574703e-06
G013	G032	6.3269167e-06
G023	G040	6.320111e-06
G020	G018	6.3122143e-06
G009	G045	6.2866357e-06
G038	G012	6.2747545e-06
G033	G045	6.2061035e-06
G019	G029	6.1789437e-06
G035	G005	6.17242e-06
G013	G005	6.162479e-06
G014	G039	6.160416e-06
G042	G016	6.1392548e-06
G022	G006	6.098752e-06
G006	G034	6.0770467e-06
G012	G049	6.0589664e-06
G050	G001	6.0192738e-06
G027	G015	5.9959125e-06
G045	G026	5.977097e-06
G036	G038	5.975348e-06
G045	G013	5.96834e-06
G042	G014	5.9481636e-06
G002	G039	5.941581e-06
G025	G047	5.938137e-06
G024	G005	5.9282693e-06
G029	G011	5.918575e-06
G039	G027	5.916258e-06
G009	G013	5.9022177e-06
G010	G042	5.8981645e-06
G042	G048	5.8838427e-06
G024	G006	5.868618e-06
G008	G048	5.866158e-06
G011	G007	5.8643473e-06
G029	G038	5.851084e-06
G006	G040	5.82923e-06
G005	G018	5.8255914e-06
G012	G040	5.808196e-06
G023	G013	5.76974e-06
G044	G024	5.7176126e-06
G034	G049	5.7171083e-06
G048	G008	5.6837716e-06
G008	G021	5.667213e-06
G050	G004	5.664161e-06
G014	G049	5.661967e-06
G029	G025	5.651359e-06
G035	G006	5.6442937e-06
G043	G046	5.643023e-06
G014	G011	5.6383674e-06
G044	G030	5.630763e-06
G021	G008	5.6234944e-06
G024	G028	5.6140034e-06
G023	G002	5.5946743e-06
G012	G035	5.5883197e-06
G026	G019	5.5692044e-06
G049	G019	5.5670484e-06
G040	G012	5.5355035e-06
G004	G014	5.5314385e-06
G031	G024	5.5291007e-06
G016	G019	5.5202236e-06
G045	G050	5.5024516e-06
G042	G012	5.4852458e-06
G035	G001	5.4632287e-06
G038	G009	5.4598313e-06
G047	G003	5.4421344e-06
G005	G002	5.4186694e-06
G048	G013	5.3972662e-06
G025	G040	5.3474437e-06
G024	G050	5.343069e-06
G011	G034	5.3416957e-06
G044	G001	5.311719e-06
G043	G004	5.3070944e-06
G011	G042	5.3059953e-06
G050	G029	5.2702608e-06
G032	G019	5.254166e-06
G006	G035	5.2348764e-06
G034	G005	5.2348755e-06
G009	G048	5.205563e-06
G036	G045	5.196645e-06
G042	G045	5.1675033e-06
G045	G007	5.1565185e-06
G042	G023	5.132232e-06
G024	G007	5.1124866e-06
G033	G031	5.1101842e-06
G042	G008	5.1059337e-06
G028	G013	5.093307e-06
G046	G027	5.089447e-06
G050	G023	5.084311e-06
G015	G038	5.0715876e-06
G027	G042	5.0411963e-06
G027	G035	4.990319e-06
G046	G018	4.9882256e-06
G005	G027	4.9696946e-06
G016	G031	4.9681944e-06
G035	G029	4.9572473e-06
G001	G035	4.9538507e-06
G040	G020	4.9412747e-06
G016	G046	4.934884e-06
G028	G001	4.907046e-06
G045	G008	4.9032274e-06
G042	G019	4.9021223e-06
G039	G023	4.8938778e-06
G012	G036	4.8861957e-06
G036	G024	4.8823717e-06
G017	G026	4.8259762e-06
G004	G002	4.8069774e-06
G049	G008	4.8031957e-06
G039	G012	4.779602e-06
G017	G043	4.7698627e-06
G018	G021	4.7628664e-06
G037	G008	4.7417266e-06
G007	G044	4.698227e-06
G001	G040	4.677004e-06
G026	G041	4.666864e-06
G030	G004	4.662745e-06
G002	G049	4.6460896e-06
G047	G022	4.631191e-06
G049	G006	4.6249884e-06
G041	G033	4.6073365e-06
G041	G016	4.5927595e-06
G003	G038	4.5675133e-06
G033	G021	4.562707e-06
G024	G044	4.54892e-06
G031	G034	4.544936e-06
G012	G013	4.541827e-06
G028	G039	4.515151e-06
G028	G010	4.473914e-06
G008	G029	4.446046e-06
G017	G014	4.4453736e-06
G025	G014	4.398692e-06
G047	G039	4.3810855e-06
G015	G020	4.3763835e-06
G012	G014	4.3653476e-06
G027	G048	4.3643226e-06
G016	G017	4.3506384e-06
G045	G012	4.2952506e-06
G028	G023	4.2829797e-06
G031	G008	4.274919e-06
G009	G021	4.262057e-06
G002	G035	4.2451215e-06
G017	G013	4.235248e-06
G047	G002	4.2040706e-06
G016	G039	4.190993e-06
G038	G011	4.188364e-06
G025	G028	4.1794183e-06
G010	G017	4.1702715e-06
G002	G016	4.1693743e-06
G030	G006	4.1634785e-06
G027	G014	4.1454896e-06
G017	G041	4.137965e-06
G028	G008	4.125002e-06
G009	G039	4.11443e-06
G024	G008	4.1004714e-06
G049	G013	4.0959744e-06
G001	G013	4.0526684e-06
G011	G048	4.0523687e-06
G029	G009	4.0369778e-06
G008	G016	4.0216128e-06
G042	G027	4.019749e-06
G009	G029	4.0014443e-06
G036	G037	3.9893102e-06
G041	G026	3.986403e-06
G012	G042	3.9667884e-06
G046	G050	3.9501433e-06
G018	G001	3.9466895e-06
G012	G027	3.924703e-06
G018	G031	3.891812e-06
G034	G012	3.8740477e-06
G024	G023	3.853781e-06
G023	G037	3.8507555e-06
G025	G049	3.84654e-06
G014	G008	3.840131e-06
G048	G040	3.817007e-06
G044	G032	3.7967072e-06
G018	G027	3.7950836e-06
G012	G047	3.7941627e-06
G037	G027	3.7858856e-06
G041	G009	3.7749617e-06
G010	G032	3.7638629e-06
G039	G019	3.7209963e-06
G044	G019	3.689243e-06
G050	G019	3.6881659e-06
G031	G020	3.6548645e-06
G032	G026	3.632846e-06
G018	G004	3.6271963e-06
G033	G048	3.602533e-06
G034	G008	3.6017088e-06
G029	G035	3.5996168e-06
G019	G009	3.568191e-06
G010	G016	3.463839e-06
G003	G040	3.4340032e-06
G044	G002	3.3942956e-06
G047	G017	3.3810818e-06
G017	G040	3.3781628e-06
G013	G045	3.3758174e-06
G050	G017	3.3703254e-06
G012	G034	3.3551657e-06
G025	G034	3.3388578e-06
G022	G023	3.3171095e-06
G035	G033	3.2972405e-06
G038	G030	3.280978e-06
G050	G039	3.2433534e-06
G046	G021	3.2185128e-06
G028	G007	3.2174464e-06
G004	G050	3.2007e-06
G031	G019	3.1984189e-06
G001	G023	3.1567226e-06
G001	G026	3.14476e-06
G023	G018	3.1162815e-06
G035	G028	3.1023794e-06
G029	G013	3.0894569e-06
G004	G030	3.0542183e-06
G008	G025	3.0527e-06
G014	G016	3.0490198e-06
G006	G032	3.0453514e-06
G040	G042	3.0015315e-06
G027	G011	2.9970483e-06
G007	G049	2.988844e-06
G019	G038	2.9685227e-06
G007	G024	2.944386e-06
G042	G040	2.9235166e-06
G005	G040	2.8988443e-06
G046	G034	2.8855718e-06
G012	G015	2.874535e-06
G040	G045	2.8648205e-06
G032	G039	2.8546222e-06
G018	G050	2.8390732e-06
G050	G040	2.8365325e-06
G028	G002	2.8303575e-06
G041	G045	2.824322e-06
G023	G001	2.8179431e-06
G015	G043	2.8096435e-06
G026	G006	2.7971603e-06
G002	G031	2.7732608e-06
G030	G011	2.769247e-06
G045	G017	2.7630251e-06
G010	G025	2.7551705e-06
G012	G044	2.7502372e-06
G029	G008	2.7409644e-06
G013	G010	2.7229241e-06
G016	G021	2.6797154e-06
G044	G025	2.6784292e-06
G028	G047	2.668816e-06
G033	G037	2.667186e-06
G019	G025	2.6413431e-06
G038	G018	2.630026e-06
G004	G007	2.6208274e-06
G007	G012	2.6097102e-06
G050	G026	2.6063462e-06
G009	G027	2.5971806e-06
G026	G034	2.5908157e-06
G029	G048	2.5670172e-06
G039	G042	2.563184e-06
G036	G049	2.541035e-06
G041	G039	2.5242582e-06
G002	G045	2.4727797e-06
G028	G024	2.4673259e-06
G044	G029	2.4559924e-06
G006	G030	2.4554636e-06
G044	G007	2.4498859e-06
G044	G049	2.444229e-06
G031	G005	2.4319177e-06
G020	G019	2.3845084e-06
G045	G031	2.3833466e-06
G018	G009	2.364249e-06
G033	G041	2.3599691e-06
G021	G041	2.3456432e-06
G024	G016	2.3395908e-06
G014	G025	2.3227406e-06
G041	G029	2.3211223e-06
G019	G032	2.2942038e-06
G003	G017	2.291857e-06
G009	G012	2.268665e-06
G013	G050	2.2470128e-06
G033	G046	2.2213578e-06
G023	G004	2.21862e-06
G049	G031	2.1963963e-06
G014	G036	2.1808794e-06
G005	G011	2.1545334e-06
G048	G009	2.1499989e-06
G035	G002	2.1282488e-06
G049	G047	2.1213218e-06
G050	G024	2.120834e-06
G042	G035	2.1189676e-06
G036	G011	2.1094318e-06
G024	G020	2.1092733e-06
G014	G044	2.08707e-06
G017	G044	2.0724601e-06
G049	G033	2.0652828e-06
G005	G014	2.0581817e-06
G038	G017	2.0548575e-06
G030	G045	2.0288487e-06
G033	G018	2.0237346e-06
G030	G023	2.012141e-06
G017	G046	2.0008404e-06
G008	G014	1.9660195e-06
G028	G040	1.9548338e-06
G048	G021	1.9540694e-06
G023	G016	1.8810272e-06
G024	G039	1.8792769e-06
G016	G045	1.8125312e-06
G023	G045	1.7431905e-06
G026	G039	1.7153978e-06
G012	G028	1.7126646e-06
G023	G009	1.6504828e-06
G020	G050	1.6437391e-06
G038	G025	1.6245488e-06
G047	G037	1.6238356e-06
G004	G016	1.6185196e-06
G004	G025	1.6147598e-06
G021	G034	1.6128954e-06
G008	G032	1.5985421e-06
G025	G012	1.5889534e-06
G028	G019	1.5834316e-06
G026	G017	1.5224136e-06
G029	G015	1.5191796e-06
G005	G032	1.5181354e-06
G008	G024	1.5031402e-06
G004	G032	1.4953538e-06
G014	G007	1.4933576e-06
G029	G041	1.4817742e-06
G014	G017	1.4356335e-06
G014	G031	1.4238665e-06
G042	G037	1.4204696e-06
G027	G024	1.4080373e-06
G040	G003	1.4050376e-06
G023	G046	1.3662391e-06
G046	G017	1.359937e-06
G013	G022	1.3591526e-06
G044	G033	1.3384646e-06
G030	G009	1.3033515e-06
G002	G048	1.2847594e-06
G004	G019	1.2837793e-06
G001	G020	1.2562313e-06
G019	G047	1.2422375e-06
G040	G035	1.1854605e-06
G040	G015	1.182087e-06
G026	G040	1.1780929e-06
G020	G017	1.1721636e-06
G022	G020	1.1632651e-06
G023	G021	1.1621311e-06
G037	G018	1.1550463e-06
G010	G023	1.1506537e-06
G036	G022	1.1434557e-06
G036	G010	1.1254238e-06
G023	G030	1.1052242e-06
G030	G022	1.1010633e-06
G021	G037	1.0865715e-06
G041	G046	1.0861858e-06
G046	G030	1.064489e-06
G011	G001	1.062993e-06
G018	G032	1.0595995e-06
G045	G048	1.0583666e-06
G028	G027	1.050702e-06
G024	G021	1.0251629e-06
G015	G045	1.0070644e-06
G024	G014	1.0052976e-06
G014	G004	9.770031e-07
G022	G038	9.663295e-07
G037	G031	9.2954065e-07
G019	G002	8.9155054e-07
G046	G036	8.754321e-07
G044	G027	8.6887337e-07
G028	G037	8.644552e-07
G042	G032	8.6210156e-07
G029	G043	8.594763e-07
G033	G004	8.493203e-07
G037	G005	8.488315e-07
G047	G010	8.367551e-07
G017	G048	8.1591884e-07
G047	G021	8.054181e-07
G028	G031	7.9292795e-07
G034	G035	7.606102e-07
G047	G032	7.369573e-07
G027	G007	7.323907e-07
G007	G030	7.2864646e-07
G008	G012	7.1876246e-07
G032	G046	7.1294835e-07
G031	G037	7.1055604e-07
G031	G025	7.0932515e-07
G017	G037	7.0156875e-07
G009	G005	7.0147996e-07
G026	G036	6.848804e-07
G022	G044	6.7126075e-07
G035	G004	6.6725926e-07
G037	G011	6.660353e-07
G024	G049	6.322165e-07
G021	G001	6.247717e-07
G016	G022	6.1836454e-07
G023	G036	6.0930466e-07
G022	G028	5.996191e-07
G027	G041	5.9460876e-07
G043	G003	5.919778e-07
G039	G030	5.65729e-07
G030	G048	5.6025146e-07
G003	G039	5.521893e-07
G036	G031	5.359429e-07
G036	G050	5.2605515e-07
G006	G048	5.2383604e-07
G013	G047	5.01997e-07
G024	G011	4.5080537e-07
G002	G015	4.4469147e-07
G041	G006	4.3530062e-07
G002	G034	4.1662258e-07
G001	G006	4.0302177e-07
G018	G028	3.8527816e-07
G033	G024	3.8150083e-07
G011	G023	3.5058835e-07
G007	G038	3.2301517e-07
G038	G040	2.2653036e-07
G045	G032	1.9633327e-07
G020	G012	1.846328e-07
G004	G044	1.6122203e-07
G039	G043	1.6073653e-07
G032	G018	1.3860092e-07
G004	G036	1.1643235e-07
G008	G006	9.560919e-08
G026	G008	8.4850925e-08
G011	G006	5.5235112e-08
G005	G038	3.3611375e-08
G025	G045	3.155883e-08
G007	G042	3.1133794e-08
G028	G026	2.999988e-08
G013	G023	1.918884e-08
G001	G042	1.5122252e-08
G033	G035	-5.0442164e-08
G004	G046	-6.619713e-08
G042	G013	-6.782483e-08
G046	G040	-1.09425656e-07
G041	G008	-1.1557072e-07
G019	G003	-1.5037591e-07
G013	G011	-1.785922e-07
G006	G021	-2.1720565e-07
G046	G047	-2.2564627e-07
G015	G004	-2.4449372e-07
G031	G028	-2.5468066e-07
G001	G039	-2.6786685e-07
G025	G017	-2.6979515e-07
G046	G029	-2.8430077e-07
G010	G034	-2.8487622e-07
G026	G007	-2.864105e-07
G011	G029	-2.913712e-07
G031	G021	-2.961494e-07
G006	G050	-2.988305e-07
G010	G019	-3.0274987e-07
G021	G035	-3.5701274e-07
G041	G036	-3.7250405e-07
G050	G011	-4.0871328e-07
G003	G023	-4.1930815e-07
G010	G013	-5.1241017e-07
G042	G025	-5.183678e-07
G015	G002	-5.46717e-07
G032	G037	-5.5030887e-07
G016	G050	-5.7140477e-07
G016	G023	-6.002826e-07
G040	G019	-6.004156e-07
G014	G029	-6.064503e-07
G034	G016	-6.7989765e-07
G029	G019	-7.0880446e-07
G033	G026	-7.183167e-07
G032	G036	-7.413595e-07
G030	G012	-7.4531357e-07
G042	G046	-7.487504e-07
G030	G050	-7.6725047e-07
G008	G038	-8.1441107e-07
G018	G037	-8.314744e-07
G016	G018	-8.419e-07
G050	G042	-8.452886e-07
G030	G024	-8.5442184e-07
G047	G029	-8.5863513e-07
G007	G001	-8.8995944e-07
G045	G020	-9.2622554e-07
G017	G008	-9.335473e-07
G002	G009	-9.343601e-07
G046	G008	-9.64186e-07
G035	G049	-9.67553e-07
G007	G033	-9.703157e-07
G036	G004	-9.866212e-07
G036	G026	-1.011626e-06
G012	G024	-1.0165455e-06
G014	G030	-1.0491183e-06
G011	G046	-1.0538575e-06
G019	G013	-1.08945e-06
G033	G007	-1.0961537e-06
G008	G010	-1.1051287e-06
G034	G036	-1.11701e-06
G010	G002	-1.1246655e-06
G046	G010	-1.1353274e-06
G041	G007	-1.1464184e-06
G023	G035	-1.1469716e-06
G001	G048	-1.1497664e-06
G048	G026	-1.1658213e-06
G010	G037	-1.1838673e-06
G033	G030	-1.1876601e-06
G026	G048	-1.2246459e-06
G022	G041	-1.2274716e-06
G026	G030	-1.2293954e-06
G044	G008	-1.2500893e-06
G035	G027	-1.2652825e-06
G019	G043	-1.2767396e-06
G033	G005	-1.2793766e-06
G001	G025	-1.279377e-06
G028	G030	-1.2810847e-06
G004	G001	-1.2943989e-06
G020	G022	-1.2950836e-06
G040	G011	-1.3064378e-06
G016	G041	-1.3130533e-06
G042	G009	-1.3673983e-06
G034	G010	-1.3711917e-06
G024	G043	-1.3772899e-06
G021	G002	-1.413119e-06
G028	G029	-1.4325009e-06
G009	G011	-1.43336e-06
G042	G026	-1.4337031e-06
G019	G015	-1.4369538e-06
G048	G020	-1.4426964e-06
G008	G036	-1.4869934e-06
G010	G014	-1.5079511e-06
G037	G038	-1.5338057e-06
G014	G022	-1.5551476e-06
G019	G006	-1.5659815e-06
G005	G020	-1.604606e-06
G010	G001	-1.6152125e-06
G007	G022	-1.6367484e-06
G004	G039	-1.643962e-06
G034	G004	-1.6531353e-06
G033	G017	-1.6641253e-06
G023	G050	-1.6827526e-06
G032	G029	-1.6869976e-06
G006	G005	-1.7229227e-06
G001	G029	-1.8736446e-06
G004	G023	-1.878147e-06
G015	G036	-1.8815416e-06
G032	G043	-1.9044772e-06
G012	G016	-1.912516e-06
G011	G010	-1.9186386e-06
G036	G006	-1.9188428e-06
G020	G036	-1.9369213e-06
G007	G015	-1.9418785e-06
G013	G004	-1.960696e-06
G013	G034	-1.9710862e-06
G014	G015	-1.9792867e-06
G021	G044	-1.9873517e-06
G030	G042	-1.9927254e-06
G006	G009	-2.004643e-06
G040	G001	-2.0252057e-06
G018	G010	-2.036924e-06
G014	G045	-2.0412522e-06
G041	G012	-2.0439074e-06
G024	G015	-2.051975e-06
G040	G016	-2.0829164e-06
G023	G031	-2.0909752e-06
G023	G012	-2.0939206e-06
G029	G034	-2.120823e-06
G026	G025	-2.1280757e-06
G033	G020	-2.1295825e-06
G005	G033	-2.132258e-06
G009	G049	-2.16739e-06
G010	G029	-2.1821168e-06
G021	G022	-2.2001739e-06
G040	G041	-2.2052438e-06
G004	G012	-2.2231343e-06
G013	G018	-2.223352e-06
G018	G041	-2.2237573e-06
G022	G031	-2.2362753e-06
G003	G024	-2.2922063e-06
G013	G025	-2.3010502e-06
G004	G005	-2.3046398e-06
G041	G020	-2.3328296e-06
G011	G035	-2.3707717e-06
G008	G046	-2.3990358e-06
G014	G038	-2.409233e-06
G019	G005	-2.4111782e-06
G047	G030	-2.4338308e-06
G018	G036	-2.462722e-06
G019	G020	-2.475733e-06
G024	G017	-2.4814233e-06
G041	G011	-2.497203e-06
G006	G047	-2.5486129e-06
G031	G040	-2.5509569e-06
G019	G023	-2.5637162e-06
G029	G016	-2.6077432e-06
G011	G008	-2.6176237e-06
G018	G007	-2.6213745e-06
G021	G031	-2.7020196e-06
G002	G032	-2.7042777e-06
G046	G015	-2.7069493e-06
G023	G020	-2.7361561e-06
G049	G026	-2.7648912e-06
G046	G049	-2.811984e-06
G022	G012	-2.8568493e-06
G006	G039	-2.8673262e-06
G049	G032	-2.9122664e-06
G048	G036	-2.9343473e-06
G046	G001	-2.9410141e-06
G004	G027	-2.9833411e-06
G048	G028	-3.0049448e-06
G008	G045	-3.0437172e-06
G018	G022	-3.0474487e-06
G046	G045	-3.1073118e-06
G025	G033	-3.1229758e-06
G021	G012	-3.1391044e-06
G035	G043	-3.1683303e-06
G003	G018	-3.178662e-06
G020	G037	-3.187182e-06
G022	G049	-3.1924435e-06
G049	G048	-3.202971e-06
G005	G044	-3.2034675e-06
G004	G040	-3.2112744e-06
G047	G042	-3.2234984e-06
G032	G033	-3.2505934e-06
G024	G038	-3.2552248e-06
G020	G004	-3.2556932e-06
G006	G042	-3.2679384e-06
G048	G006	-3.2999217e-06
G034	G006	-3.3107842e-06
G004	G013	-3.334692e-06
G037	G044	-3.4067702e-06
G035	G018	-3.4148568e-06
G044	G050	-3.4206132e-06
G011	G037	-3.4276577e-06
G031	G043	-3.4358804e-06
G017	G030	-3.441293e-06
G020	G034	-3.44451e-06
G049	G027	-3.4503175e-06
G004	G049	-3.4893496e-06
G006	G001	-3.501703e-06
G019	G028	-3.5211042e-06
G030	G032	-3.5510159e-06
G011	G002	-3.5588682e-06
G035	G010	-3.5765727e-06
G016	G009	-3.5770468e-06
G045	G002	-3.5967835e-06
G023	G011	-3.6063886e-06
G006	G049	-3.6287224e-06
G037	G003	-3.6387296e-06
G006	G017	-3.6506349e-06
G048	G011	-3.6699228e-06
G015	G025	-3.6728727e-06
G029	G010	-3.6839215e-06
G006	G018	-3.692387e-06
G047	G014	-3.6943206e-06
G012	G050	-3.7357356e-06
G012	G023	-3.749678e-06
G010	G022	-3.7564926e-06
G036	G048	-3.762307e-06
G026	G027	-3.7636976e-06
G031	G010	-3.7649006e-06
G024	G035	-3.7678576e-06
G035	G047	-3.7790903e-06
G007	G029	-3.7881841e-06
G048	G027	-3.8104379e-06
G050	G038	-3.8145265e-06
G025	G002	-3.859707e-06
G006	G013	-3.8697353e-06
G005	G017	-3.872825e-06
G002	G041	-3.872997e-06
G040	G039	-3.9763318e-06
G028	G017	-3.9966003e-06
G031	G035	-4.0166206e-06
G010	G015	-4.019207e-06
G027	G043	-4.0196e-06
G043	G007	-4.02401e-06
G007	G043	-4.0286013e-06
G039	G006	-4.0405375e-06
G034	G048	-4.0684836e-06
G018	G002	-4.1018657e-06
G022	G050	-4.1120884e-06
G017	G042	-4.122384e-06
G038	G010	-4.1377507e-06
G012	G031	-4.1409075e-06
G045	G023	-4.145603e-06
G037	G013	-4.169301e-06
G012	G048	-4.1788385e-06
G028	G009	-4.189173e-06
G013	G019	-4.190629e-06
G011	G040	-4.1945823e-06
G009	G036	-4.22168e-06
G029	G049	-4.222733e-06
G011	G013	-4.2511547e-06
G045	G030	-4.2534107e-06
G012	G029	-4.273998e-06
G042	G020	-4.2948914e-06
G013	G049	-4.2960883e-06
G033	G044	-4.3363702e-06
G038	G046	-4.4225308e-06
G003	G027	-4.4655026e-06
G001	G024	-4.5018733e-06
G021	G023	-4.514112e-06
G035	G023	-4.517396e-06
G043	G002	-4.521162e-06
G002	G040	-4.5720603e-06
G022	G030	-4.5757583e-06
G032	G048	-4.6146597e-06
G028	G036	-4.6199916e-06
G031	G023	-4.664702e-06
G015	G016	-4.6740724e-06
G001	G005	-4.6748546e-06
G004	G045	-4.691306e-06
G019	G024	-4.7423487e-06
G039	G033	-4.750613e-06
G012	G037	-4.753139e-06
G039	G026	-4.7684644e-06
G022	G045	-4.850398e-06
G024	G046	-4.8521956e-06
G039	G017	-4.8705965e-06
G034	G017	-4.8771503e-06
G020	G040	-4.882716e-06
G046	G003	-4.8885718e-06
G045	G036	-4.90074e-06
G005	G023	-4.9163555e-06
G050	G013	-4.927713e-06
G019	G018	-4.9596183e-06
G025	G043	-4.9651017e-06
G044	G021	-4.987076e-06
G004	G011	-4.9933055e-06
G044	G016	-4.997086e-06
G047	G049	-4.9990304e-06
G050	G005	-5.000038e-06
G022	G013	-5.0109766e-06
G050	G021	-5.012085e-06
G033	G012	-5.0130448e-06
G048	G025	-5.0345566e-06
G031	G039	-5.040195e-06
G037	G039	-5.0567587e-06
G024	G030	-5.072806e-06
G007	G006	-5.1052107e-06
G006	G033	-5.12364e-06
G004	G022	-5.1562547e-06
G007	G002	-5.1592515e-06
G038	G020	-5.1721763e-06
G046	G044	-5.189625e-06
G012	G009	-5.1989614e-06
G023	G014	-5.224269e-06
G027	G010	-5.2329224e-06
G005	G039	-5.310279e-06
G042	G007	-5.313936e-06
G038	G024	-5.315219e-06
G049	G039	-5.3256526e-06
G042	G021	-5.33729e-06
G005	G037	-5.407742e-06
G046	G042	-5.420435e-06
G033	G050	-5.4241964e-06
G028	G016	-5.433991e-06
G032	G024	-5.450802e-06
G045	G004	-5.462997e-06
G019	G045	-5.5251203e-06
G030	G040	-5.558709e-06
G009	G007	-5.5643923e-06
G009	G018	-5.583239e-06
G037	G050	-5.5885116e-06
G014	G023	-5.588561e-06
G038	G008	-5.59723e-06
G040	G009	-5.605343e-06
G007	G026	-5.631941e-06
G030	G031	-5.653725e-06
G003	G005	-5.666753e-06
G050	G008	-5.669451e-06
G014	G048	-5.671336e-06
G042	G030	-5.6739477e-06
G026	G038	-5.6798517e-06
G034	G024	-5.6844315e-06
G050	G028	-5.6909576e-06
G001	G019	-5.7604784e-06
G048	G017	-5.773798e-06
G029	G047	-5.7744624e-06
G026	G022	-5.8052065e-06
G017	G036	-5.8962773e-06
G044	G006	-5.9116337e-06
G013	G020	-5.950837e-06
G023	G029	-5.9662543e-06
G039	G050	-5.9698373e-06
G050	G022	-5.9913555e-06
G024	G034	-6.013863e-06
G045	G006	-6.043041e-06
G021	G043	-6.0552084e-06
G002	G023	-6.0661514e-06
G032	G034	-6.0767215e-06
G027	G013	-6.1272253e-06
G030	G014	-6.1435517e-06
G013	G041	-6.1685887e-06
G020	G009	-6.186798e-06
G040	G022	-6.19268e-06
G031	G036	-6.1983633e-06
G050	G030	-6.206178e-06
G015	G037	-6.208702e-06
G006	G014	-6.211858e-06
G003	G031	-6.2144345e-06
G048	G037	-6.2200543e-06
G036	G016	-6.2200593e-06
G032	G022	-6.245255e-06
G034	G013	-6.2569507e-06
G026	G046	-6.26403e-06
G041	G034	-6.27582e-06
G041	G005	-6.276873e-06
G022	G019	-6.2779914e-06
G038	G026	-6.2992817e-06
G037	G046	-6.308054e-06
G020	G014	-6.3162224e-06
G016	G027	-6.3170082e-06
G028	G018	-6.3292614e-06
G033	G047	-6.332894e-06
G044	G043	-6.3674984e-06
G034	G027	-6.3775683e-06
G004	G017	-6.387018e-06
G027	G033	-6.39356e-06
G015	G047	-6.416014e-06
G002	G027	-6.4206843e-06
G021	G013	-6.473389e-06
G006	G011	-6.473749e-06
G009	G017	-6.511064e-06
G050	G025	-6.5143277e-06
G013	G028	-6.5207423e-06
G022	G034	-6.5280674e-06
G011	G012	-6.533509e-06
G026	G010	-6.534639e-06
G018	G025	-6.543348e-06
G049	G036	-6.5644576e-06
G038	G006	-6.5726695e-06
G047	G050	-6.5905124e-06
G020	G039	-6.591635e-06
G049	G044	-6.5989702e-06
G049	G023	-6.6011194e-06
G028	G045	-6.6104535e-06
G021	G018	-6.675125e-06
G029	G006	-6.709666e-06
G016	G024	-6.7117685e-06
G008	G023	-6.7266833e-06
G049	G030	-6.753954e-06
G009	G030	-6.759076e-06
G017	G019	-6.761269e-06
G029	G044	-6.766762e-06
G031	G027	-6.7815395e-06
G022	G047	-6.7937312e-06
G030	G049	-6.7954306e-06
G033	G019	-6.8252166e-06
G038	G043	-6.8329828e-06
G026	G049	-6.8974e-06
G034	G020	-6.897887e-06
G039	G003	-6.902849e-06
G029	G030	-6.9068988e-06
G030	G037	-6.9133816e-06
G038	G034	-6.919668e-06
G041	G028	-6.921293e-06
G030	G002	-6.9244393e-06
G029	G031	-6.9271177e-06
G007	G037	-6.9313423e-06
G003	G019	-6.9766447e-06
G038	G023	-7.022158e-06
G021	G015	-7.0282294e-06
G008	G027	-7.0284063e-06
G027	G009	-7.0417764e-06
G025	G020	-7.065554e-06
G009	G046	-7.078223e-06
G041	G022	-7.079486e-06
G047	G035	-7.11334e-06
G040	G004	-7.1263007e-06
G038	G021	-7.1264317e-06
G044	G003	-7.1289087e-06
G014	G034	-7.151806e-06
G012	G021	-7.189199e-06
G026	G004	-7.1941195e-06
G018	G019	-7.2036783e-06
G026	G002	-7.21758e-06
G029	G021	-7.2184935e-06
G014	G043	-7.2593452e-06
G001	G017	-7.259876e-06
G047	G012	-7.2602134e-06
G019	G031	-7.2876123e-06
G010	G033	-7.2944113e-06
G004	G006	-7.304229e-06
G048	G005	-7.3093634e-06
G038	G022	-7.317774e-06
G021	G006	-7.333803e-06
G020	G025	-7.3508445e-06
G002	G047	-7.3709402e-06
G031	G003	-7.3799315e-06
G037	G041	-7.38139e-06
G004	G015	-7.3902934e-06
G039	G034	-7.423293e-06
G030	G029	-7.4429186e-06
G034	G031	-7.4878194e-06
G050	G044	-7.5114986e-06
G013	G001	-7.5150274e-06
G015	G050	-7.5189664e-06
G030	G019	-7.523262e-06
G050	G043	-7.5361686e-06
G020	G043	-7.536528e-06
G025	G001	-7.58236e-06
G030	G046	-7.595036e-06
G038	G032	-7.608928e-06
G012	G041	-7.6205347e-06
G017	G020	-7.662996e-06
G042	G041	-7.681348e-06
G027	G028	-7.702972e-06
G033	G006	-7.707365e-06
G041	G043	-7.756433e-06
G045	G018	-7.794513e-06
G021	G036	-7.794875e-06
G003	G049	-7.806506e-06
G002	G005	-7.817189e-06
G038	G029	-7.820914e-06
G028	G021	-7.821533e-06
G016	G037	-7.846064e-06
G041	G015	-7.8830235e-06
G022	G029	-7.913196e-06
G049	G017	-7.958431e-06
G008	G002	-7.969455e-06
G020	G024	-7.978646e-06
G045	G039	-8.035118e-06
G049	G037	-8.068684e-06
G017	G006	-8.083896e-06
G045	G021	-8.093671e-06
G032	G049	-8.1200915e-06
G034	G011	-8.124984e-06
G012	G002	-8.130267e-06
G011	G014	-8.136023e-06
G011	G026	-8.136559e-06
G034	G042	-8.145165e-06
G040	G031	-8.15734e-06
G047	G009	-8.159412e-06
G010	G044	-8.248489e-06
G001	G010	-8.249046e-06
G007	G039	-8.281619e-06
G014	G040	-8.311347e-06
G003	G047	-8.342996e-06
G037	G040	-8.363983e-06
G045	G025	-8.4195035e-06
G036	G014	-8.443122e-06
G037	G010	-8.450708e-06
G045	G043	-8.513597e-06
G041	G047	-8.522671e-06
G037	G009	-8.5333995e-06
G017	G021	-8.577808e-06
G010	G003	-8.589846e-06
G040	G038	-8.597771e-06
G020	G006	-8.615398e-06
G004	G008	-8.622339e-06
G048	G045	-8.659011e-06
G002	G024	-8.664478e-06
G003	G008	-8.676892e-06
G036	G039	-8.681033e-06
G008	G011	-8.702832e-06
G041	G013	-8.705573e-06
G049	G016	-8.706074e-06
G043	G045	-8.70696e-06
G050	G012	-8.7366125e-06
G028	G035	-8.7430635e-06
G001	G022	-8.74526e-06
G044	G028	-8.770413e-06
G005	G029	-8.786389e-06
G031	G012	-8.786563e-06
G047	G015	-8.806427e-06
G037	G026	-8.812132e-06
G030	G036	-8.822941e-06
G016	G003	-8.824985e-06
G046	G012	-8.832143e-06
G040	G050	-8.833117e-06
G047	G023	-8.840567e-06
G038	G007	-8.849055e-06
G027	G050	-8.901944e-06
G033	G036	-8.917941e-06
G011	G005	-8.9340865e-06
G001	G036	-8.936253e-06
G048	G019	-8.969544e-06
G010	G012	-8.989287e-06
G011	G004	-9.016697e-06
G035	G016	-9.0213625e-06
G044	G004	-9.032455e-06
G029	G024	-9.040677e-06
G013	G009	-9.0622325e-06
G033	G038	-9.135467e-06
G044	G020	-9.136844e-06
G021	G029	-9.159702e-06
G031	G006	-9.17442e-06
G010	G030	-9.224486e-06
G047	G016	-9.226311e-06
G050	G041	-9.252799e-06
G019	G026	-9.256802e-06
G025	G015	-9.273821e-06
G047	G041	-9.276581e-06
G031	G042	-9.300339e-06
G028	G043	-9.301239e-06
G040	G036	-9.321149e-06
G011	G018	-9.402656e-06
G025	G037	-9.412916e-06
G015	G008	-9.433854e-06
G004	G038	-9.442459e-06
G014	G037	-9.447712e-06
G012	G006	-9.449792e-06
G016	G040	-9.455294e-06
G010	G039	-9.518626e-06
G035	G026	-9.528846e-06
G005	G036	-9.537725e-06
G025	G046	-9.543818e-06
G013	G048	-9.59419e-06
G030	G043	-9.605542e-06
G016	G030	-9.628068e-06
G045	G003	-9.658004e-06
G031	G050	-9.684011e-06
G040	G010	-9.690019e-06
G015	G021	-9.699e-06
G048	G010	-9.706522e-06
G027	G045	-9.715577e-06
G024	G037	-9.718118e-06
G024	G001	-9.767831e-06
G044	G038	-9.781327e-06
G016	G043	-9.80253e-06
G008	G033	-9.820702e-06
G023	G008	-9.834831e-06
G048	G046	-9.836138e-06
G004	G047	-9.854387e-06
G033	G027	-9.8824685e-06
G025	G035	-9.96709e-06
G026	G015	-9.982114e-06
G041	G030	-9.985156e-06
G019	G027	-9.992885e-06
G004	G020	-1.0022179e-05
G042	G039	-1.0031528e-05
G005	G034	-1.0038155e-05
G039	G035	-1.00590905e-05
G024	G029	-1.01028745e-05
G032	G007	-1.012854e-05
G034	G037	-1.0133655e-05
G026	G009	-1.0144227e-05
G032	G031	-1.01450005e-05
G003	G045	-1.0184978e-05
G001	G009	-1.02371e-05
G015	G028	-1.024529e-05
G041	G049	-1.02551885e-05
G032	G013	-1.03099865e-05
G031	G048	-1.0320896e-05
G043	G001	-1.0326809e-05
G035	G009	-1.0327882e-05
G040	G046	-1.0331957e-05
G035	G041	-1.03707525e-05
G013	G030	-1.0376333e-05
G035	G032	-1.038591e-05
G037	G035	-1.0433273e-05
G042	G044	-1.0467008e-05
G002	G036	-1.0492462e-05
G030	G044	-1.0507431e-05
G025	G003	-1.0562867e-05
G034	G030	-1.0586744e-05
G045	G019	-1.0609182e-05
G007	G016	-1.0622326e-05
G036	G046	-1.0623982e-05
G032	G008	-1.0624553e-05
G005	G012	-1.0681528e-05
G020	G015	-1.0690281e-05
G037	G022	-1.0698989e-05
G024	G003	-1.072073e-05
G044	G023	-1.0723319e-05
G018	G005	-1.07423e-05
G037	G006	-1.078987e-05
G044	G041	-1.0816275e-05
G029	G002	-1.0830557e-05
G017	G015	-1.0869353e-05
G007	G040	-1.0887695e-05
G037	G029	-1.0891263e-05
G029	G033	-1.0906142e-05
G032	G028	-1.0910267e-05
G043	G024	-1.0912571e-05
G020	G027	-1.091541e-05
G022	G036	-1.0930225e-05
G040	G027	-1.0942661e-05
G027	G003	-1.095377e-05
G006	G027	-1.0968103e-05
G022	G046	-1.0974716e-05
G017	G027	-1.10058745e-05
G044	G034	-1.1022802e-05
G016	G028	-1.103675e-05
G010	G050	-1.1038388e-05
G025	G048	-1.1038561e-05
G020	G016	-1.1044731e-05
G029	G028	-1.1045509e-05
G008	G001	-1.1095848e-05
G032	G015	-1.1126166e-05
G031	G047	-1.1146335e-05
G028	G042	-1.1150846e-05
G048	G018	-1.12165635e-05
G038	G003	-1.1235262e-05
G036	G027	-1.1237526e-05
G003	G022	-1.1259326e-05
G039	G004	-1.126188e-05
G027	G006	-1.1284724e-05
G031	G041	-1.131327e-05
G002	G043	-1.1318131e-05
G034	G009	-1.1339607e-05
G049	G040	-1.1341507e-05
G005	G025	-1.13655e-05
G038	G016	-1.1392218e-05
G031	G007	-1.142073e-05
G004	G033	-1.1424423e-05
G039	G041	-1.1427291e-05
G047	G031	-1.1427735e-05
G011	G045	-1.14546165e-05
G033	G032	-1.1458553e-05
G042	G006	-1.1530227e-05
G021	G038	-1.155922e-05
G007	G020	-1.158318e-05
G046	G039	-1.1628688e-05
G039	G022	-1.16468245e-05
G036	G041	-1.1668366e-05
G009	G003	-1.1668946e-05
G028	G033	-1.1675288e-05
G018	G035	-1.1688989e-05
G003	G016	-1.1708975e-05
G040	G025	-1.1788114e-05
G027	G038	-1.1825454e-05
G012	G045	-1.1848566e-05
G026	G031	-1.1877469e-05
G032	G003	-1.1887901e-05
G006	G002	-1.1927972e-05
G021	G047	-1.1965679e-05
G009	G023	-1.1976319e-05
G035	G017	-1.1999667e-05
G023	G017	-1.2031743e-05
G036	G030	-1.204317e-05
G006	G037	-1.2064161e-05
G027	G021	-1.20718905e-05
G017	G034	-1.20762315e-05
G002	G017	-1.2081047e-05
G019	G039	-1.2113542e-05
G038	G050	-1.21316125e-05
G028	G034	-1.2224294e-05
G011	G028	-1.2232789e-05
G021	G007	-1.2241178e-05
G019	G040	-1.2275631e-05
G008	G044	-1.2276805e-05
G035	G022	-1.2279651e-05
G022	G011	-1.2287016e-05
G040	G034	-1.23168975e-05
G039	G021	-1.234585e-05
G044	G039	-1.2349417e-05
G007	G028	-1.2354574e-05
G049	G038	-1.2366399e-05
G039	G037	-1.2381364e-05
G025	G030	-1.2429346e-05
G041	G024	-1.2462564e-05
G029	G012	-1.2466951e-05
G044	G013	-1.2497717e-05
G030	G041	-1.249798e-05
G028	G022	-1.2502187e-05
G040	G049	-1.2507181e-05
G020	G026	-1.2539846e-05
G042	G004	-1.2562893e-05
G046	G025	-1.2574732e-05
G026	G037	-1.2605299e-05
G030	G021	-1.2610394e-05
G024	G025	-1.2616761e-05
G023	G005	-1.262939e-05
G007	G027	-1.2630015e-05
G035	G039	-1.2634713e-05
G046	G028	-1.2653463e-05
G001	G034	-1.2662201e-05
G039	G015	-1.2667418e-05
G033	G049	-1.2677759e-05
G022	G009	-1.269296e-05
G050	G034	-1.2710666e-05
G047	G008	-1.2711285e-05
G036	G012	-1.2734907e-05
G048	G042	-1.2740854e-05
G027	G049	-1.2779414e-05
G039	G031	-1.2796339e-05
G048	G034	-1.2799985e-05
G023	G015	-1.28023075e-05
G046	G014	-1.28103575e-05
G034	G043	-1.2831282e-05
G022	G015	-1.2880832e-05
G027	G032	-1.2887378e-05
G020	G029	-1.2900791e-05
G026	G014	-1.2933376e-05
G016	G001	-1.2938986e-05
G006	G026	-1.2953594e-05
G033	G042	-1.2967078e-05
G040	G044	-1.2981284e-05
G028	G046	-1.2982912e-05
G016	G014	-1.2985505e-05
G025	G026	-1.3004131e-05
G025	G010	-1.3009609e-05
G049	G012	-1.30278e-05
G002	G003	-1.3030196e-05
G025	G032	-1.3032825e-05
G042	G005	-1.3044165e-05
G038	G002	-1.3047358e-05
G013	G040	-1.3054939e-05
G029	G005	-1.3057195e-05
G008	G050	-1.30655835e-05
G003	G012	-1.3076437e-05
G025	G042	-1.3091776e-05
G008	G047	-1.3117515e-05
G034	G014	-1.3119886e-05
G019	G012	-1.3158965e-05
G005	G021	-1.3174215e-05
G004	G031	-1.3179102e-05
G050	G006	-1.3180926e-05
G008	G030	-1.3180958e-05
G010	G035	-1.3185751e-05
G035	G034	-1.32199975e-05
G024	G027	-1.3226003e-05
G040	G014	-1.32524565e-05
G042	G022	-1.3262813e-05
G044	G045	-1.3265667e-05
G045	G038	-1.3294416e-05
G033	G023	-1.331533e-05
G040	G030	-1.3317664e-05
G020	G003	-1.3335263e-05
G009	G050	-1.33375115e-05
G037	G049	-1.3380953e-05
G013	G015	-1.3401464e-05
G015	G003	-1.3459936e-05
G029	G014	-1.3495863e-05
G013	G017	-1.3500468e-05
G047	G048	-1.3503712e-05
G019	G010	-1.3509321e-05
G012	G038	-1.3524401e-05
G013	G027	-1.35317e-05
G034	G046	-1.3555007e-05
G023	G019	-1.3572638e-05
G021	G040	-1.35843575e-05
G036	G009	-1.3592309e-05
G011	G022	-1.3600408e-05
G034	G025	-1.36010385e-05
G006	G016	-1.361506e-05
G019	G014	-1.3623474e-05
G001	G012	-1.3632196e-05
G016	G032	-1.3642036e-05
G018	G011	-1.3643472e-05
G037	G025	-1.3644702e-05
G013	G039	-1.3653384e-05
G033	G025	-1.3661137e-05
G024	G019	-1.3665159e-05
G041	G048	-1.3675704e-05
G016	G004	-1.3683709e-05
G025	G024	-1.3699669e-05
G043	G020	-1.3711545e-05
G050	G032	-1.373684e-05
G015	G034	-1.3751033e-05
G022	G032	-1.3768541e-05
G041	G035	-1.3785011e-05
G018	G045	-1.3794836e-05
G015	G029	-1.3820191e-05
G032	G044	-1.3823688e-05
G033	G002	-1.3876909e-05
G037	G033	-1.388827e-05
G010	G028	-1.3893253e-05
G039	G028	-1.3922488e-05
G027	G044	-1.39258655e-05
G024	G026	-1.3945401e-05
G018	G033	-1.3959742e-05
G032	G006	-1.3962424e-05
G031	G004	-1.3976483e-05
G039	G014	-1.3996058e-05
G039	G029	-1.3998491e-05
G014	G021	-1.4002798e-05
G046	G032	-1.4011054e-05
G037	G020	-1.4023148e-05
G048	G024	-1.4024616e-05
G025	G044	-1.4029353e-05
G011	G019	-1.4029415e-05
G034	G026	-1.4037273e-05
G039	G009	-1.40453085e-05
G015	G032	-1.4076285e-05
G007	G014	-1.4104485e-05
G009	G044	-1.4106725e-05
G046	G022	-1.4145835e-05
G034	G032	-1.4153711e-05
G042	G033	-1.4157356e-05
G039	G020	-1.41709515e-05
G048	G038	-1.4198181e-05
G026	G028	-1.4237105e-05
G049	G045	-1.424831e-05
G041	G021	-1.4259686e-05
G004	G034	-1.4286992e-05
G014	G001	-1.4301393e-05
G034	G050	-1.4307207e-05
G042	G031	-1.4333631e-05
G032	G050	-1.4336585e-05
G012	G017	-1.44146e-05
G047	G011	-1.4432919e-05
G022	G002	-1.443812e-05
G043	G036	-1.4450563e-05
G023	G026	-1.4460555e-05
G002	G046	-1.4466572e-05
G043	G050	-1.4482044e-05
G041	G031	-1.4494125e-05
G036	G002	-1.4496489e-05
G027	G029	-1.4506766e-05
G017	G023	-1.4511849e-05
G028	G048	-1.4544923e-05
G029	G046	-1.4559086e-05
G003	G042	-1.460654e-05
G031	G045	-1.46323955e-05
G038	G027	-1.4641667e-05
G028	G032	-1.4645321e-05
G038	G041	-1.4652453e-05
G005	G047	-1.46563825e-05
G050	G010	-1.4696414e-05
G043	G009	-1.4710238e-05
G014	G019	-1.4715193e-05
G007	G017	-1.4759208e-05
G034	G007	-1.47623105e-05
G011	G038	-1.4768404e-05
G037	G007	-1.477032e-05
G043	G038	-1.4775743e-05
G048	G032	-1.4776303e-05
G025	G008	-1.4783565e-05
G044	G015	-1.4824537e-05
G039	G025	-1.4832188e-05
G033	G014	-1.4862143e-05
G017	G005	-1.4865749e-05
G015	G041	-1.4878965e-05
G044	G018	-1.4948082e-05
G023	G033	-1.4996233e-05
G006	G046	-1.5012673e-05
G002	G050	-1.5020172e-05
G021	G025	-1.50398055e-05
G013	G024	-1.50442265e-05
G034	G033	-1.5056787e-05
G047	G027	-1.5066808e-05
G005	G013	-1.5080414e-05
G036	G040	-1.5145243e-05
G018	G024	-1.5154907e-05
G004	G003	-1.5165002e-05
G017	G016	-1.5185794e-05
G047	G044	-1.5193218e-05
G009	G040	-1.5203999e-05
G046	G033	-1.5208668e-05
G005	G045	-1.52381635e-05
G001	G011	-1.5299142e-05
G004	G043	-1.5299944e-05
G047	G019	-1.530533e-05
G010	G043	-1.5308036e-05
G016	G033	-1.531213e-05
G049	G021	-1.5338062e-05
G049	G014	-1.5348076e-05
G035	G003	-1.5365953e-05
G009	G042	-1.5372401e-05
G040	G026	-1.5375217e-05
G023	G038	-1.5420777e-05
G035	G046	-1.5425476e-05
G014	G042	-1.545477e-05
G022	G024	-1.5454903e-05
G022	G040	-1.545981e-05
G026	G045	-1.547862e-05
G032	G040	-1.5481175e-05
G011	G050	-1.5523392e-05
G021	G024	-1.5531385e-05
G036	G047	-1.5574327e-05
G011	G030	-1.5583033e-05
G043	G031	-1.5605741e-05
G037	G024	-1.561658e-05
G020	G033	-1.5621314e-05
G018	G020	-1.562906e-05
G015	G026	-1.5635153e-05
G048	G007	-1.5646041e-05
G049	G024	-1.5655367e-05
G038	G033	-1.5707234e-05
G049	G041	-1.5712396e-05
G009	G015	-1.574973e-05
G002	G028	-1.5762393e-05
G004	G018	-1.5780133e-05
G029	G042	-1.5806001e-05
G001	G027	-1.5813323e-05
G022	G021	-1.5819438e-05
G050	G027	-1.5858204e-05
G037	G001	-1.5872778e-05
G045	G029	-1.5939358e-05
G029	G018	-1.5954496e-05
G046	G043	-1.5996573e-05
G002	G012	-1.6000015e-05
G002	G044	-1.6014748e-05
G035	G048	-1.6022921e-05
G005	G008	-1.6071659e-05
G015	G030	-1.6120102e-05
G041	G003	-1.6124186e-05
G048	G043	-1.6140084e-05
G015	G013	-1.6147098e-05
G037	G043	-1.6163614e-05
G030	G018	-1.6164673e-05
G001	G016	-1.6199518e-05
G018	G026	-1.6204973e-05
G002	G038	-1.6208438e-05
G018	G006	-1.6232425e-05
G043	G013	-1.623752e-05
G029	G050	-1.6253533e-05
G002	G013	-1.6253789e-05
G012	G032	-1.6274837e-05
G041	G004	-1.6279153e-05
G019	G035	-1.6280184e-05
G003	G006	-1.6290453e-05
G048	G012	-1.6296766e-05
G028	G014	-1.6310989e-05
G042	G028	-1.633001e-05
G005	G042	-1.6398864e-05
G018	G029	-1.640008e-05
G023	G041	-1.6466898e-05
G009	G024	-1.6515854e-05
G047	G020	-1.656537e-05
G043	G048	-1.6576647e-05
G024	G033	-1.658789e-05
G015	G022	-1.661249e-05
G022	G018	-1.6616455e-05
G022	G003	-1.6620297e-05
G027	G040	-1.6621787e-05
G026	G032	-1.664357e-05
G008	G020	-1.6643768e-05
G016	G035	-1.6645305e-05
G013	G006	-1.666889e-05
G037	G045	-1.6705104e-05
G017	G033	-1.6720818e-05
G018	G012	-1.6726612e-05
G009	G002	-1.6764527e-05
G015	G007	-1.680294e-05
G006	G038	-1.6841153e-05
G027	G016	-1.6844258e-05
G030	G038	-1.6862032e-05
G032	G038	-1.6874334e-05
G012	G022	-1.687717e-05
G015	G005	-1.6888722e-05
G029	G003	-1.690124e-05
G043	G018	-1.6960152e-05
G025	G027	-1.6963175e-05
G043	G019	-1.6965583e-05
G020	G011	-1.696929e-05
G018	G013	-1.6989528e-05
G048	G004	-1.6996084e-05
G018	G039	-1.7008952e-05
G029	G037	-1.7043207e-05
G048	G014	-1.7047909e-05
G005	G004	-1.7079932e-05
G043	G025	-1.7084496e-05
G045	G015	-1.708746e-05
G021	G020	-1.7099657e-05
G048	G022	-1.7105043e-05
G034	G047	-1.7106879e-05
G017	G024	-1.7138738e-05
G027	G020	-1.7154136e-05
G016	G025	-1.7162094e-05
G047	G040	-1.7168433e-05
G018	G034	-1.7178043e-05
G025	G039	-1.718177e-05
G003	G034	-1.72027e-05
G005	G048	-1.7210832e-05
G039	G044	-1.7216325e-05
G048	G002	-1.7222543e-05
G024	G013	-1.7240769e-05
G010	G048	-1.725395e-05
G026	G033	-1.7269193e-05
G013	G035	-1.7277689e-05
G018	G038	-1.7306935e-05
G005	G031	-1.7324277e-05
G012	G004	-1.7329292e-05
G011	G027	-1.7341492e-05
G044	G031	-1.7354028e-05
G047	G043	-1.7375476e-05
G023	G034	-1.7393324e-05
G039	G001	-1.740075e-05
G045	G001	-1.7401077e-05
G005	G022	-1.7419772e-05
G043	G035	-1.7440947e-05
G040	G013	-1.7458322e-05
G039	G048	-1.7459211e-05
G049	G046	-1.7472677e-05
G001	G021	-1.7539012e-05
G022	G027	-1.7549772e-05
G038	G013	-1.7644144e-05
G024	G031	-1.7652117e-05
G008	G015	-1.7664524e-05
G005	G010	-1.7683295e-05
G030	G003	-1.7705515e-05
G013	G021	-1.7719916e-05
G019	G036	-1.7756262e-05
G041	G032	-1.7777216e-05
G037	G028	-1.780473e-05
G017	G003	-1.7805452e-05
G014	G041	-1.7806957e-05
G048	G031	-1.7815444e-05
G042	G043	-1.7822473e-05
G009	G014	-1.7836184e-05
G003	G021	-1.7859982e-05
G014	G046	-1.7861837e-05
G016	G007	-1.7865395e-05
G009	G038	-1.7885963e-05
G044	G035	-1.7899301e-05
G010	G049	-1.7904946e-05
G044	G036	-1.7908611e-05
G010	G024	-1.7912014e-05
G018	G044	-1.7915585e-05
G045	G046	-1.7928638e-05
G043	G011	-1.795249e-05
G044	G046	-1.7982198e-05
G026	G042	-1.8000419e-05
G019	G022	-1.8019042e-05
G049	G011	-1.8063853e-05
G036	G007	-1.808894e-05
G024	G009	-1.810246e-05
G011	G047	-1.8127159e-05
G011	G016	-1.815311e-05
G016	G005	-1.8170344e-05
G043	G008	-1.8181296e-05
G001	G002	-1.8184193e-05
G025	G022	-1.8190683e-05
G036	G025	-1.8202898e-05
G003	G011	-1.8224497e-05
G003	G009	-1.8239276e-05
G034	G002	-1.824544e-05
G008	G007	-1.8274875e-05
G050	G045	-1.8287012e-05
G025	G023	-1.829449e-05
G009	G004	-1.8327295e-05
G022	G042	-1.833981e-05
G026	G001	-1.8339824e-05
G013	G012	-1.8346142e-05
G014	G032	-1.834789e-05
G046	G038	-1.8348632e-05
G003	G010	-1.8354041e-05
G001	G046	-1.8366742e-05
G049	G020	-1.83759e-05
G023	G024	-1.8378685e-05
G038	G031	-1.8399363e-05
G003	G035	-1.8433715e-05
G008	G037	-1.844015e-05
G030	G007	-1.849813e-05
G023	G006	-1.8502198e-05
G012	G007	-1.8508796e-05
G020	G035	-1.8537712e-05
G006	G023	-1.854725e-05
G008	G043	-1.8593337e-05
G007	G025	-1.860673e-05
G040	G043	-1.861036e-05
G045	G034	-1.8617346e-05
G016	G011	-1.8659268e-05
G047	G033	-1.8666862e-05
G041	G002	-1.8670338e-05
G028	G003	-1.8671206e-05
G021	G039	-1.8730922e-05
G043	G037	-1.8748873e-05
G037	G014	-1.875446e-05
G042	G001	-1.8764993e-05
G022	G039	-1.8799255e-05
G009	G016	-1.8814e-05
G024	G018	-1.8820254e-05
G018	G030	-1.8847573e-05
G002	G011	-1.8880542e-05
G019	G021	-1.888476e-05
G006	G036	-1.8901765e-05
G014	G027	-1.8902694e-05
G002	G007	-1.8914836e-05
G027	G022	-1.8914849e-05
G022	G014	-1.8938785e-05
G021	G032	-1.8950315e-05
G045	G033	-1.8952454e-05
G009	G033	-1.8953016e-05
G013	G038	-1.8989682e-05
G019	G044	-1.8997387e-05
G009	G028	-1.900061e-05
G026	G044	-1.9025727e-05
G033	G029	-1.9071073e-05
G038	G005	-1.9076797e-05
G035	G030	-1.9083227e-05
G019	G004	-1.9083385e-05
G003	G037	-1.9085643e-05
G039	G046	-1.910277e-05
G048	G050	-1.9114526e-05
G009	G037	-1.9123587e-05
G049	G003	-1.9131065e-05
G047	G046	-1.9145635e-05
G023	G025	-1.9146712e-05
G050	G009	-1.917984e-05
G035	G042	-1.9235415e-05
G020	G030	-1.9295972e-05
G037	G036	-1.930616e-05
G035	G015	-1.9310066e-05
G033	G028	-1.9326895e-05
G040	G007	-1.934844e-05
G037	G032	-1.9378833e-05
G008	G049	-1.9378962e-05
G050	G031	-1.9391191e-05
G007	G019	-1.9395413e-05
G012	G003	-1.9420644e-05
G034	G001	-1.9428395e-05
G014	G005	-1.9477466e-05
G011	G044	-1.9500958e-05
G035	G007	-1.9520603e-05
G033	G008	-1.9630712e-05
G048	G001	-1.9633218e-05
G032	G009	-1.964263e-05
G011	G009	-1.9799974e-05
G027	G017	-1.9808169e-05
G036	G032	-1.9826744e-05
G019	G011	-1.9852756e-05
G010	G036	-1.9873021e-05
G036	G003	-1.9917064e-05
G005	G019	-1.9930865e-05
G029	G032	-2.0028046e-05
G006	G029	-2.003448e-05
G044	G026	-2.0056901e-05
G015	G024	-2.0062134e-05
G011	G024	-2.008581e-05
G005	G026	-2.0116238e-05
G007	G009	-2.0137699e-05
G034	G015	-2.017885e-05
G013	G026	-2.0295787e-05
G049	G050	-2.0323294e-05
G011	G036	-2.0375284e-05
G020	G046	-2.0376618e-05
G042	G017	-2.039179e-05
G015	G040	-2.0396346e-05
G021	G017	-2.039807e-05
G017	G049	-2.0420664e-05
G020	G023	-2.0453643e-05
G006	G028	-2.049965e-05
G035	G020	-2.0542448e-05
G047	G025	-2.0632577e-05
G016	G026	-2.0759153e-05
G046	G009	-2.0871277e-05
G011	G049	-2.1025815e-05
G032	G041	-2.1280837e-05
G042	G003	-2.1368976e-05
G036	G033	-2.1402522e-05
G032	G020	-2.1422495e-05
G016	G047	-2.1448635e-05
G002	G033	-2.161981e-05
G012	G033	-2.1835445e-05
G021	G033	-2.1867821e-05
G028	G005	-2.187728e-05
G007	G011	-2.1891941e-05
G011	G031	-2.1976528e-05
G042	G015	-2.2056814e-05
G002	G008	-2.2231865e-05
G034	G019	-2.2350694e-05
G006	G019	-2.239825e-05
G005	G028	-2.2479124e-05
G016	G020	-2.2505523e-05
G039	G038	-2.2564007e-05
G017	G031	-2.2697359e-05
G027	G047	-2.3384919e-05
G047	G026	-2.3526856e-05
G034	G028	-2.3595716e-05
G015	G012	-2.3988834e-05
G046	G011	-2.4002347e-05
G036	G019	-2.4388753e-05
G011	G017	-2.444248e-05
G050	G020	-2.4686626e-05
G011	G020	-2.7231164e-05
G031	G038	-2.8785467e-05
